row,non_zero_column
0,[]
1,[]
2,[]
3,[]
4,[]
5,[]
6,[]
7,[]
8,[]
9,[]
10,[]
11,[]
12,[]
13,[]
14,[]
15,[]
16,[]
17,[]
18,[]
19,[]
20,[]
21,[]
22,[]
23,[]
24,[]
25,[]
26,[]
27,[]
28,[]
29,[]
30,[]
31,[]
32,[]
33,[]
34,[]
35,[]
36,[]
37,[]
38,[]
39,[]
40,[]
41,[]
42,[]
43,[]
44,[]
45,[]
46,[]
47,[]
48,[]
49,[]
50,[]
51,[]
52,[]
53,[]
54,[]
55,[]
56,[]
57,[]
58,[]
59,[]
60,[]
61,[]
62,[]
63,[]
64,[178]
65,[]
66,[]
67,[]
68,[]
69,[]
70,[]
71,[]
72,[]
73,[]
74,[]
75,[]
76,[]
77,[]
78,[]
79,[]
80,[]
81,[]
82,[]
83,[]
84,[]
85,[]
86,[]
87,[]
88,[]
89,[]
90,[]
91,[]
92,[]
93,[]
94,[]
95,[]
96,[]
97,[]
98,[]
99,[]
100,[]
101,[]
102,[]
103,[]
104,[]
105,[]
106,[]
107,[]
108,[]
109,[]
110,[135]
111,[]
112,[]
113,[]
114,[130]
115,[]
116,[]
117,[]
118,[]
119,[]
120,[]
121,[]
122,[]
123,[]
124,[]
125,[]
126,[]
127,[]
128,[]
129,[]
130,[]
131,[]
132,[137]
133,[]
134,[]
135,[]
136,[]
137,[]
138,[]
139,"[136, 143]"
140,[]
141,[]
142,[]
143,[]
144,[115]
145,[]
146,[23]
147,[]
148,[]
149,[]
150,[]
151,[]
152,[]
153,[150]
154,[]
155,[]
156,[]
157,[]
158,[]
159,[]
160,[]
161,[]
162,[]
163,[]
164,[]
165,[]
166,[181]
167,[]
168,[119]
169,[]
170,[]
171,[]
172,[]
173,[]
174,[]
175,[]
176,[]
177,[248]
178,[]
179,[252]
180,[]
181,[240]
182,[]
183,[]
184,[]
185,[]
186,[194]
187,[]
188,[174]
189,[]
190,[]
191,[]
192,[]
193,[]
194,[]
195,[]
196,[]
197,[]
198,[]
199,[]
200,[]
201,[]
202,[]
203,"[149, 226]"
204,[]
205,[]
206,[]
207,[]
208,[222]
209,[]
210,[]
211,[]
212,[178]
213,[]
214,[]
215,[]
216,[]
217,[]
218,[]
219,[]
220,[]
221,[]
222,[]
223,[]
224,[]
225,[]
226,[235]
227,[]
228,[]
229,[]
230,[]
231,[]
232,[]
233,[]
234,[]
235,[]
236,[]
237,[]
238,[]
239,[]
240,[]
241,[171]
242,[]
243,[]
244,[]
245,[]
246,[]
247,[]
248,[]
249,[]
250,[]
251,[]
252,[]
253,[]
254,[]
255,[]
256,[]
257,[]
258,[]
259,[]
260,[]
261,[]
262,[]
263,[]
264,[]
265,[]
266,[]
267,[]
268,[]
269,[]
270,[157]
271,[]
272,[]
273,[]
274,[]
275,[234]
276,[]
277,[]
278,[]
279,[]
280,[]
281,[]
282,[]
283,[1022]
284,[220]
285,[]
286,[4]
287,[]
288,[1028]
289,"[1026, 1029]"
290,"[1026, 1034]"
291,"[224, 1012]"
292,[]
293,"[203, 1021, 1025, 1031]"
294,[1025]
295,[]
296,"[1020, 1034, 1038]"
297,[1028]
298,"[1015, 1026, 1039, 1044]"
299,[1012]
300,[]
301,"[1027, 1028, 1032]"
302,"[191, 1034]"
303,"[1019, 1033]"
304,"[1029, 1034]"
305,[]
306,"[1013, 1028, 1035]"
307,"[213, 1017, 1026, 1037]"
308,"[1019, 1032, 1034, 1035]"
309,"[1014, 1044]"
310,"[1033, 1036, 1049]"
311,[]
312,[]
313,[1031]
314,"[1022, 1034, 1046]"
315,"[213, 416, 1019, 1032]"
316,"[233, 1031, 1034]"
317,"[1029, 1031, 1041]"
318,"[1022, 1032]"
319,[]
320,[]
321,[]
322,[]
323,[]
324,[236]
325,[226]
326,"[20, 27]"
327,[]
328,[]
329,[]
330,[]
331,[]
332,[]
333,[]
334,"[197, 207]"
335,[]
336,[]
337,[]
338,[]
339,[205]
340,"[206, 1046]"
341,[1047]
342,[1042]
343,[]
344,[]
345,[1045]
346,[]
347,[490]
348,[]
349,"[494, 498, 1071]"
350,"[210, 229, 986, 1040]"
351,[486]
352,[]
353,[]
354,"[217, 230, 1027]"
355,[]
356,[]
357,"[481, 1054]"
358,"[214, 568]"
359,[497]
360,"[226, 1016]"
361,[551]
362,"[69, 1029]"
363,"[221, 225, 496]"
364,"[209, 495]"
365,"[529, 552]"
366,"[571, 1025]"
367,[]
368,[213]
369,"[217, 532]"
370,"[558, 567, 1028]"
371,"[226, 550, 551, 565]"
372,"[553, 562, 1058]"
373,[]
374,[551]
375,[]
376,"[562, 563]"
377,"[223, 562]"
378,"[551, 562]"
379,[558]
380,"[551, 553]"
381,"[113, 500, 554]"
382,"[301, 491, 549, 566, 570]"
383,"[486, 492, 493]"
384,"[536, 569, 570]"
385,"[485, 487]"
386,[569]
387,[563]
388,"[222, 482]"
389,[498]
390,[57]
391,[486]
392,[498]
393,"[297, 480, 497, 543, 991]"
394,"[222, 973]"
395,"[74, 489]"
396,"[492, 536]"
397,[576]
398,[496]
399,"[308, 973, 1044]"
400,[]
401,"[90, 488]"
402,"[486, 491, 494, 496, 974]"
403,"[489, 490, 1055]"
404,"[85, 475, 557, 560]"
405,"[58, 72]"
406,[565]
407,"[470, 567]"
408,[]
409,[465]
410,[]
411,"[49, 73, 583, 1007]"
412,"[106, 229]"
413,[565]
414,[]
415,"[102, 565]"
416,[]
417,"[120, 127, 579]"
418,[128]
419,[]
420,[183]
421,"[62, 555, 594]"
422,"[68, 89]"
423,[514]
424,"[93, 100, 562]"
425,"[195, 559, 564]"
426,[]
427,"[103, 556, 563]"
428,[105]
429,"[117, 133, 515, 959]"
430,"[556, 559]"
431,[]
432,[]
433,"[129, 1039]"
434,[1044]
435,"[201, 206, 614, 958]"
436,[971]
437,[]
438,[587]
439,[]
440,"[954, 968]"
441,[]
442,"[566, 960]"
443,"[955, 1050]"
444,[958]
445,[]
446,[1033]
447,[960]
448,"[1041, 1052]"
449,[1062]
450,"[1038, 1044]"
451,"[1020, 1039, 1045]"
452,[]
453,[]
454,"[951, 958]"
455,[1059]
456,"[190, 1034, 1047, 1052]"
457,"[978, 1014]"
458,"[1042, 1046]"
459,[]
460,[1042]
461,"[144, 1059]"
462,"[954, 1053]"
463,[1061]
464,"[126, 202, 1019]"
465,"[131, 1021, 1033, 1067]"
466,[1033]
467,[]
468,"[302, 1036, 1046]"
469,"[171, 195, 603, 1033, 1047]"
470,"[1024, 1051]"
471,[]
472,"[1026, 1051]"
473,[]
474,"[528, 551, 784, 1054]"
475,[565]
476,[1061]
477,[779]
478,"[190, 543, 1060, 1130]"
479,"[160, 579, 786, 1043, 1051]"
480,"[789, 790, 947, 981]"
481,"[787, 788, 1044]"
482,"[156, 512]"
483,"[182, 548, 779, 783, 995]"
484,"[176, 544, 777, 1040]"
485,"[551, 557, 782]"
486,[785]
487,"[194, 784]"
488,[1072]
489,"[550, 775]"
490,[192]
491,[]
492,[562]
493,"[169, 1027]"
494,"[188, 196]"
495,[]
496,"[795, 995]"
497,[177]
498,"[511, 512, 514, 523]"
499,"[560, 1036]"
500,[]
501,[520]
502,[]
503,"[517, 794]"
504,[]
505,"[176, 519, 793]"
506,[]
507,[]
508,[507]
509,"[521, 522]"
510,"[515, 523]"
511,[]
512,"[185, 511, 533]"
513,[]
514,[177]
515,"[506, 512]"
516,[]
517,[521]
518,[]
519,[]
520,[]
521,[]
522,[]
523,[]
524,[]
525,[]
526,[]
527,[536]
528,[]
529,"[185, 614]"
530,[561]
531,[516]
532,[]
533,[]
534,"[496, 1055]"
535,[]
536,"[499, 504]"
537,[501]
538,[]
539,"[188, 502]"
540,"[427, 521]"
541,[]
542,[493]
543,[]
544,[]
545,"[503, 1007]"
546,[530]
547,[505]
548,"[512, 538]"
549,"[443, 535]"
550,[528]
551,[]
552,[541]
553,[512]
554,"[494, 501]"
555,[]
556,"[517, 531, 541, 1010]"
557,"[440, 505, 539, 910]"
558,[]
559,[439]
560,[503]
561,[]
562,"[511, 516]"
563,"[220, 517, 521, 822]"
564,"[489, 499]"
565,"[511, 1021]"
566,"[455, 522]"
567,"[164, 455]"
568,"[516, 521, 1047]"
569,"[480, 501, 505, 509, 822]"
570,"[171, 444, 458, 529]"
571,"[145, 453, 490, 819]"
572,[]
573,[513]
574,"[154, 509]"
575,"[494, 524]"
576,[819]
577,"[529, 824]"
578,[160]
579,"[169, 171]"
580,"[521, 525, 825]"
581,"[209, 211, 808]"
582,[150]
583,"[511, 657, 833, 834, 843]"
584,[371]
585,"[507, 518, 522, 524, 535, 812]"
586,"[211, 534, 804, 815, 825]"
587,[162]
588,"[224, 878]"
589,"[212, 222, 513]"
590,[841]
591,"[187, 809]"
592,"[211, 227, 822]"
593,"[213, 838, 1069]"
594,"[517, 521, 543, 817]"
595,"[27, 166]"
596,[442]
597,"[202, 604, 610]"
598,"[645, 658, 697]"
599,"[167, 220, 516, 651, 813]"
600,[555]
601,[656]
602,[]
603,"[518, 640]"
604,"[644, 658]"
605,[660]
606,"[538, 568, 656]"
607,"[646, 665]"
608,[]
609,[506]
610,"[653, 654, 656]"
611,[1075]
612,[658]
613,[]
614,[]
615,[1078]
616,[]
617,"[659, 878]"
618,[]
619,"[662, 879]"
620,[668]
621,[669]
622,[]
623,[671]
624,[508]
625,"[462, 1078]"
626,[641]
627,"[640, 665, 666]"
628,[]
629,"[639, 663]"
630,"[554, 661, 1068]"
631,[797]
632,[]
633,"[857, 1068]"
634,[651]
635,[1080]
636,[]
637,"[578, 649]"
638,[]
639,[]
640,[645]
641,[]
642,[733]
643,[737]
644,[648]
645,[744]
646,[]
647,[]
648,[]
649,[737]
650,[]
651,[]
652,[577]
653,[]
654,[750]
655,[759]
656,[910]
657,[]
658,[]
659,[]
660,[542]
661,[]
662,"[732, 745]"
663,[]
664,[]
665,[706]
666,[]
667,[]
668,[]
669,[]
670,[483]
671,[]
672,[]
673,[741]
674,[]
675,[]
676,[]
677,[]
678,[]
679,"[479, 745]"
680,[]
681,[]
682,[]
683,[260]
684,[272]
685,[]
686,[]
687,[]
688,[736]
689,[]
690,[]
691,[824]
692,[]
693,[719]
694,[]
695,[465]
696,[]
697,[]
698,[]
699,[862]
700,[]
701,[605]
702,[]
703,[447]
704,[]
705,[464]
706,[]
707,[]
708,[294]
709,[]
710,[]
711,[121]
712,[]
713,[]
714,[]
715,[443]
716,[]
717,[]
718,[527]
719,[]
720,[]
721,[]
722,[449]
723,[]
724,[]
725,[]
726,[463]
727,[]
728,[]
729,[]
730,[]
731,[]
732,[]
733,[]
734,[]
735,[964]
736,[]
737,[]
738,[]
739,[]
740,[]
741,[]
742,[]
743,[311]
744,[928]
745,[]
746,[]
747,[]
748,[]
749,[]
750,[]
751,[]
752,[]
753,[]
754,[]
755,[]
756,[]
757,[]
758,[]
759,[]
760,[]
761,[]
762,[]
763,[]
764,[]
765,[]
766,[]
767,[]
768,[]
769,[]
770,[]
771,[]
772,[]
773,[]
774,[]
775,[]
776,[]
777,[]
778,[]
779,[]
780,[]
781,[]
782,[]
783,[]
784,[]
785,[]
786,[]
787,[]
788,[]
789,[]
790,[]
791,[]
792,[]
793,[]
794,[1087]
795,[]
796,[]
797,[]
798,[]
799,[]
800,[]
801,[132]
802,[]
803,[]
804,[]
805,[]
806,[]
807,[]
808,[923]
809,[]
810,[]
811,[]
812,[]
813,[]
814,[]
815,[920]
816,[]
817,[]
818,[]
819,[]
820,"[241, 275]"
821,[]
822,[]
823,[]
824,[]
825,[275]
826,[269]
827,[]
828,[1198]
829,[]
830,[]
831,[723]
832,[]
833,[]
834,[]
835,[]
836,[]
837,[]
838,[]
839,[]
840,[]
841,[]
842,[]
843,[]
844,"[695, 1217]"
845,[]
846,[]
847,[]
848,[912]
849,[]
850,[]
851,[]
852,[]
853,[]
854,[]
855,[]
856,[]
857,[414]
858,[]
859,[]
860,[694]
861,[800]
862,[226]
863,[]
864,[]
865,[]
866,[]
867,[]
868,[]
869,"[646, 648, 659]"
870,[437]
871,[]
872,[]
873,[]
874,[670]
875,[663]
876,[]
877,[1234]
878,[]
879,[]
880,[]
881,[]
882,[]
883,[]
884,[643]
885,[]
886,[662]
887,[]
888,[]
889,[]
890,[]
891,[]
892,"[662, 700, 918]"
893,[654]
894,[]
895,[748]
896,[]
897,[]
898,[679]
899,"[241, 679]"
900,[]
901,[678]
902,[250]
903,[235]
904,[]
905,"[119, 245, 262]"
906,[141]
907,[]
908,[]
909,[]
910,"[237, 244]"
911,"[233, 240, 711]"
912,[235]
913,"[239, 248]"
914,[118]
915,[]
916,[160]
917,"[240, 242]"
918,[]
919,[]
920,[]
921,[410]
922,[193]
923,[]
924,[]
925,[]
926,[150]
927,"[156, 426]"
928,"[130, 426]"
929,[150]
930,[]
931,[]
932,[]
933,[]
934,[]
935,[]
936,"[410, 825, 878]"
937,[]
938,[]
939,[]
940,[]
941,[]
942,"[200, 649]"
943,[]
944,[]
945,[173]
946,"[224, 1203]"
947,[]
948,[168]
949,[202]
950,[426]
951,"[420, 428]"
952,[412]
953,[]
954,[]
955,"[173, 663]"
956,[266]
957,[]
958,[436]
959,[438]
960,[]
961,[]
962,[273]
963,[270]
964,"[250, 277, 411]"
965,[]
966,"[273, 283]"
967,"[1064, 1245]"
968,[]
969,[268]
970,"[268, 286, 288, 751]"
971,"[772, 1188]"
972,"[275, 276, 283]"
973,[261]
974,[785]
975,[272]
976,[415]
977,[]
978,[453]
979,[]
980,[297]
981,[]
982,[452]
983,[]
984,[]
985,[]
986,[]
987,[774]
988,[549]
989,[]
990,"[157, 463, 745, 891]"
991,[812]
992,[]
993,"[672, 870]"
994,[]
995,"[242, 794, 880]"
996,[]
997,[803]
998,[]
999,[]
1000,[]
1001,[162]
1002,[806]
1003,[]
1004,[]
1005,[]
1006,[]
1007,[]
1008,[]
1009,[]
1010,[]
1011,[]
1012,[]
1013,[]
1014,[]
1015,[]
1016,[]
1017,[1194]
1018,[]
1019,[]
1020,[]
1021,[]
1022,[]
1023,[]
1024,[]
1025,[]
1026,[]
1027,[]
1028,[]
1029,[]
1030,[]
1031,[]
1032,[]
1033,[]
1034,[]
1035,[]
1036,[]
1037,[]
1038,[]
1039,[]
1040,[]
1041,[]
1042,[]
1043,[240]
1044,[]
1045,[]
1046,[]
1047,[]
1048,[]
1049,[]
1050,[]
1051,[]
1052,[]
1053,[]
1054,[]
1055,[]
1056,[]
1057,[]
1058,[]
1059,[]
1060,[784]
1061,[]
1062,[384]
1063,[786]
1064,[]
1065,[]
1066,[]
1067,"[701, 835]"
1068,[]
1069,"[726, 935]"
1070,[1296]
1071,[]
1072,[]
1073,[]
1074,[]
1075,[]
1076,[]
1077,[]
1078,[]
1079,[]
1080,[]
1081,[]
1082,[]
1083,[]
1084,[]
1085,[]
1086,[]
1087,[]
1088,[]
1089,[]
1090,[]
1091,[760]
1092,[]
1093,[]
1094,[]
1095,[]
1096,"[770, 984]"
1097,[]
1098,"[459, 579]"
1099,[]
1100,[]
1101,[]
1102,[726]
1103,[1018]
1104,[]
1105,[699]
1106,[]
1107,[]
1108,[]
1109,[]
1110,[]
1111,[451]
1112,[]
1113,"[439, 864]"
1114,[]
1115,[]
1116,[]
1117,[]
1118,[]
1119,"[453, 832]"
1120,"[241, 769]"
1121,[]
1122,[73]
1123,[]
1124,[]
1125,[]
1126,[866]
1127,[]
1128,[]
1129,[]
1130,[744]
1131,[]
1132,[]
1133,[740]
1134,[]
1135,[]
1136,[]
1137,"[116, 124]"
1138,[452]
1139,[747]
1140,[]
1141,[733]
1142,"[614, 726, 740, 749]"
1143,[]
1144,"[126, 446, 966]"
1145,[]
1146,[765]
1147,"[449, 455]"
1148,"[226, 621, 735]"
1149,[]
1150,[]
1151,[]
1152,[]
1153,[741]
1154,[756]
1155,[]
1156,[]
1157,[461]
1158,[]
1159,[]
1160,[]
1161,[154]
1162,[]
1163,[617]
1164,"[133, 565]"
1165,[169]
1166,[]
1167,[]
1168,[607]
1169,"[137, 144]"
1170,[]
1171,[200]
1172,[]
1173,[]
1174,"[139, 141]"
1175,"[596, 600]"
1176,[]
1177,[147]
1178,[]
1179,[763]
1180,[]
1181,[]
1182,"[679, 758]"
1183,[]
1184,"[537, 638, 656]"
1185,"[147, 645]"
1186,"[644, 647, 749]"
1187,"[149, 444]"
1188,"[147, 288]"
1189,"[662, 756]"
1190,"[273, 583, 594]"
1191,[253]
1192,"[611, 617]"
1193,[]
1194,[]
1195,[]
1196,[]
1197,[610]
1198,[]
1199,[]
1200,[]
1201,[]
1202,[]
1203,[]
1204,"[564, 635]"
1205,"[556, 560]"
1206,[622]
1207,"[564, 864]"
1208,[]
1209,"[563, 803]"
1210,[819]
1211,[]
1212,[568]
1213,"[469, 525, 1357]"
1214,"[562, 848, 891]"
1215,"[815, 826]"
1216,[]
1217,[603]
1218,[]
1219,"[826, 875]"
1220,[1285]
1221,"[528, 824, 833, 898]"
1222,[]
1223,[]
1224,[145]
1225,[]
1226,"[544, 838]"
1227,[]
1228,[]
1229,[]
1230,[]
1231,"[842, 905]"
1232,"[831, 960]"
1233,"[825, 827, 874, 909]"
1234,"[597, 904, 924, 932]"
1235,[574]
1236,"[908, 959]"
1237,"[871, 898, 919]"
1238,"[834, 845, 869]"
1239,"[883, 957]"
1240,"[822, 827, 840]"
1241,[909]
1242,"[840, 884, 910, 913]"
1243,"[176, 583, 790, 838, 874]"
1244,"[825, 871, 884, 885, 895, 907, 917, 926, 962]"
1245,"[828, 891]"
1246,[905]
1247,"[223, 895, 909, 928]"
1248,"[853, 915, 916]"
1249,[878]
1250,"[826, 834, 849, 903]"
1251,"[821, 842, 883, 886, 899, 906, 907]"
1252,"[697, 905]"
1253,"[487, 822, 827, 876, 899, 905, 921]"
1254,"[612, 904, 922]"
1255,"[895, 967]"
1256,"[777, 836]"
1257,"[875, 960]"
1258,"[828, 908]"
1259,"[844, 904]"
1260,"[843, 845, 858, 878, 915, 965]"
1261,"[772, 801, 899, 911, 916, 933]"
1262,"[823, 879, 908, 932]"
1263,"[231, 855, 868]"
1264,[865]
1265,"[227, 875, 882, 883, 884, 891, 904, 927]"
1266,"[229, 860]"
1267,"[879, 927]"
1268,[764]
1269,"[638, 668, 838, 921, 928]"
1270,"[861, 867, 926, 929]"
1271,"[703, 800, 859, 881, 905, 916]"
1272,"[802, 923]"
1273,"[215, 844]"
1274,"[246, 860, 872]"
1275,"[828, 858, 861, 870, 920, 946]"
1276,[622]
1277,"[239, 660, 667, 677, 953]"
1278,"[659, 923]"
1279,"[264, 785]"
1280,"[658, 660, 672, 789]"
1281,"[186, 669, 929, 939]"
1282,"[197, 201, 666, 777, 780, 860, 884]"
1283,"[187, 448, 652, 658, 659, 877]"
1284,"[667, 799]"
1285,"[254, 663, 664, 781, 944]"
1286,"[656, 670, 774, 883, 910, 967]"
1287,"[277, 665, 781, 783, 789, 907, 938]"
1288,"[609, 905, 920]"
1289,"[666, 872, 876, 914, 920, 943]"
1290,"[636, 768, 867, 905, 915, 937]"
1291,"[201, 664, 825, 851, 880, 902]"
1292,"[237, 243, 659, 829, 836, 914, 945]"
1293,"[856, 866, 871, 917, 930, 950]"
1294,"[873, 886, 890]"
1295,"[232, 637, 856, 888, 896, 903]"
1296,"[244, 672, 830, 842, 860, 875, 879, 893, 896, 903, 915, 917]"
1297,"[782, 829, 831, 845, 875, 894, 934]"
1298,"[648, 656, 658, 832, 833, 856, 866, 870, 880, 888, 921]"
1299,"[653, 657, 879, 882, 897, 992]"
1300,"[241, 770, 833, 845, 846, 858, 871, 889, 913, 915, 916, 947, 948]"
1301,"[895, 897, 918, 919, 920, 930, 941, 950, 994]"
1302,"[700, 767, 771, 851, 882, 885, 888, 898, 915, 920, 921, 946, 993]"
1303,"[653, 689, 861, 871, 894, 940, 949]"
1304,"[263, 762, 786, 856, 860, 869, 879, 903, 940, 947, 954]"
1305,"[264, 758, 836, 861, 871, 874, 891, 915, 916, 922, 946, 956]"
1306,"[673, 842, 870, 884, 888, 889, 918, 934, 947, 958, 959]"
1307,"[653, 708, 789, 861, 892, 900, 953, 963]"
1308,"[246, 757, 766, 788, 839, 844, 884, 893, 894, 955]"
1309,"[653, 660, 834, 850, 926, 954, 955, 958]"
1310,"[693, 756, 762, 772, 782, 843, 856, 871, 875, 922, 945, 947, 959]"
1311,"[707, 830, 854, 885, 958, 959, 963]"
1312,"[666, 688, 729, 765, 775, 781, 845, 850, 922, 949, 950, 1039]"
1313,"[654, 737, 747, 766, 771, 821, 844, 853, 854, 903, 917, 949, 957]"
1314,"[662, 688, 695, 699, 754, 760, 768, 812, 841, 846, 847, 850, 862, 916, 961, 963, 970]"
1315,"[693, 783, 814, 815, 850, 851, 886, 889, 923, 924, 938, 952]"
1316,"[670, 691, 772, 841, 845, 846, 848, 851, 891, 954, 957, 984]"
1317,"[620, 664, 703, 749, 770, 800, 833, 846, 847, 884, 898, 950, 957, 961, 966, 976, 1012]"
1318,"[672, 687, 734, 751, 764, 765, 819, 820, 881, 922, 961, 979]"
1319,"[630, 668, 670, 676, 688, 757, 775, 818, 823, 846, 851, 852, 970]"
1320,"[631, 674, 692, 762, 769, 821, 836, 838, 851, 855, 863, 950, 955, 959, 967, 973, 974, 1020]"
1321,"[649, 752, 830, 843, 845, 856, 872, 874, 899, 905, 950, 960, 964]"
1322,"[664, 731, 758, 763, 818, 832, 852, 866, 913, 915, 948, 962]"
1323,"[659, 708, 828, 853, 856, 871, 954, 969]"
1324,"[788, 849, 856, 866, 878, 920, 959, 962, 964, 966, 1018]"
1325,"[805, 832, 845, 853, 865, 951, 976, 1019]"
1326,"[675, 696, 704, 740, 752, 843, 847, 851, 874, 875, 967]"
1327,"[645, 655, 668, 826, 830, 833, 851, 962, 965, 1016, 1029]"
1328,"[671, 703, 788, 799, 810, 812, 829, 833, 835, 847, 854, 859, 861, 921, 960, 997, 1011]"
1329,"[641, 721, 785, 800, 830, 857, 861, 890, 923, 955, 959, 960, 967, 974, 998, 1011, 1013, 1023]"
1330,"[663, 666, 775, 838, 840, 848, 853, 918, 930, 953, 967, 989, 997, 1002]"
1331,"[648, 677, 817, 831, 833, 844, 852, 921, 952, 953, 962, 976, 981, 1020]"
1332,"[659, 680, 786, 905, 915, 954, 958, 983, 999, 1000]"
1333,"[655, 667, 677, 692, 694, 830, 831, 834, 882, 934, 950, 954, 963, 998]"
1334,"[676, 684, 833, 848, 861, 881, 903, 949, 963, 972, 1002]"
1335,"[667, 728, 795, 799, 826, 859, 863, 945, 955, 956, 961, 970, 971, 999, 1000]"
1336,"[156, 678, 693, 765, 808, 824, 835, 849, 905, 951, 955, 971, 976, 997, 1005, 1021]"
1337,"[656, 670, 715, 840, 841, 864, 873, 884, 954, 966, 969, 970, 973, 977, 996]"
1338,"[661, 673, 706, 711, 845, 955]"
1339,"[683, 691, 701, 849, 864, 901, 923, 961, 971, 974, 993]"
1340,"[166, 187, 674, 675, 679, 839, 862, 929]"
1341,"[717, 791, 804, 850, 926, 930, 983, 996]"
1342,"[637, 649, 668, 715, 718, 731, 732, 776, 972, 974]"
1343,"[667, 807, 868, 873, 956, 977, 996]"
1344,"[593, 674, 726, 898, 962]"
1345,"[181, 701, 916, 964, 965, 977, 998]"
1346,"[183, 642, 656, 698, 707, 722, 729, 902, 911, 950, 955, 984]"
1347,"[154, 651, 872, 898, 925, 964, 965, 968, 971, 993]"
1348,"[681, 690, 711, 856, 875, 932, 955, 966]"
1349,"[686, 688, 824, 879, 964]"
1350,"[668, 695, 718, 729, 740, 756, 924, 968]"
1351,"[663, 687, 697, 700, 962, 987]"
1352,"[713, 715, 735, 739, 913, 927, 928, 941, 989, 999]"
1353,"[635, 698, 739, 875, 902, 922, 924, 928, 932, 946, 996]"
1354,"[682, 697, 714, 720, 818, 886, 897, 921, 925, 931, 935, 946, 972, 984]"
1355,"[172, 726, 737, 842, 850, 882, 883, 894, 932]"
1356,"[701, 706, 722, 731, 824, 848, 879, 902, 903, 1002]"
1357,"[180, 711, 713, 731, 871, 883, 888, 900, 933, 955, 968, 975]"
1358,"[679, 714, 724, 863, 894, 936, 981]"
1359,"[699, 716, 816, 826, 828, 834, 840, 905, 938]"
1360,"[690, 701, 709, 718, 901, 917, 940]"
1361,"[618, 831, 832, 834, 835, 905, 915, 938, 977, 987]"
1362,"[152, 708, 716, 746, 814, 831, 835, 836, 842, 871, 881, 883, 885]"
1363,"[630, 668, 675, 721, 814, 818, 823, 829, 832, 855, 929, 941, 942, 977]"
1364,"[701, 703, 735, 816, 819, 822, 874, 987]"
1365,"[708, 812, 822, 825, 835, 840, 843, 874, 879, 900]"
1366,"[819, 831, 905, 927]"
1367,"[698, 703, 736, 819, 828, 883, 895]"
1368,"[657, 707, 813, 820, 821, 827, 835, 851]"
1369,"[707, 809, 829, 831, 854, 860, 871, 908, 938]"
1370,"[627, 673, 816, 828, 848, 877]"
1371,"[163, 697, 804, 820, 824, 830, 842, 847, 869, 901, 912, 913, 937]"
1372,"[699, 815, 823, 824, 835, 836, 842, 876, 904, 931, 937]"
1373,"[694, 728, 804, 822, 824, 827, 831, 833, 849, 909, 916]"
1374,"[552, 688, 707, 719, 816, 844, 849, 865, 871, 917]"
1375,"[739, 807, 813, 816, 831, 838, 844, 853, 857, 929]"
1376,"[466, 630, 688, 736, 828, 831, 851, 854, 869, 927]"
1377,"[691, 722, 825, 842, 844, 845, 848, 857, 913, 924, 927]"
1378,"[733, 734, 834, 841, 843, 846, 848, 849, 869, 912]"
1379,"[804, 828, 841]"
1380,"[475, 584, 701, 708, 813, 819, 846, 848, 852, 854, 863, 908]"
1381,"[632, 728, 734, 835]"
1382,"[480, 488, 584, 658, 666, 816, 846, 849, 874, 1014]"
1383,[871]
1384,"[633, 691, 727, 728, 729, 808, 844, 852, 855]"
1385,"[485, 837, 851, 873]"
1386,"[629, 674, 865]"
1387,"[734, 841, 851]"
1388,"[676, 694, 836]"
1389,[571]
1390,"[685, 782, 842]"
1391,"[560, 842]"
1392,"[836, 844, 845, 857]"
1393,"[845, 858, 909]"
1394,"[543, 684, 840, 841, 909]"
1395,"[842, 849]"
1396,"[578, 711, 716, 845]"
1397,"[566, 577, 696, 773, 841, 851]"
1398,"[840, 842, 851]"
1399,"[688, 840, 845, 849, 859]"
1400,"[671, 687, 807, 834, 852, 867]"
1401,"[495, 855]"
1402,"[547, 641, 661, 701, 705, 840]"
1403,"[704, 824, 839]"
1404,"[565, 575, 700, 704]"
1405,"[695, 701]"
1406,"[654, 675, 698, 715, 730]"
1407,[704]
1408,"[175, 707]"
1409,"[702, 706, 721, 722]"
1410,[818]
1411,"[739, 780, 819]"
1412,[]
1413,"[689, 725, 980]"
1414,[]
1415,[725]
1416,"[695, 721]"
1417,"[612, 712, 725, 727, 734]"
1418,[]
1419,[708]
1420,"[576, 722]"
1421,[]
1422,[]
1423,[608]
1424,"[707, 714]"
1425,[829]
1426,[893]
1427,[]
1428,[691]
1429,[]
1430,[758]
1431,[676]
1432,"[490, 713, 881]"
1433,[696]
1434,"[161, 687]"
1435,"[684, 703]"
1436,[]
1437,"[695, 881]"
1438,[684]
1439,[]
1440,"[676, 677, 680, 681]"
1441,"[630, 684]"
1442,[698]
1443,"[686, 695, 932]"
1444,[750]
1445,[]
1446,"[680, 688]"
1447,[701]
1448,[]
1449,[]
1450,[683]
1451,[]
1452,"[676, 684, 685]"
1453,"[160, 714, 853]"
1454,[]
1455,[]
1456,"[682, 688, 699, 779]"
1457,[679]
1458,"[670, 725, 726]"
1459,"[704, 717]"
1460,"[702, 704, 726, 885]"
1461,[714]
1462,"[576, 689, 919]"
1463,"[673, 703, 705, 853, 884]"
1464,"[692, 714]"
1465,"[572, 705, 709, 764, 849, 865]"
1466,"[691, 703, 711, 858]"
1467,"[684, 720, 858]"
1468,"[572, 683, 684, 685, 695, 708, 754, 851, 862]"
1469,"[370, 857]"
1470,"[574, 834, 854, 862]"
1471,"[582, 708, 718, 721, 849]"
1472,"[683, 699, 856, 860]"
1473,"[696, 733, 854, 859, 899]"
1474,[]
1475,"[698, 703, 707, 851]"
1476,[862]
1477,"[568, 579]"
1478,"[706, 740, 756, 776]"
1479,"[641, 859, 860]"
1480,"[698, 704]"
1481,[769]
1482,"[602, 733, 735]"
1483,"[572, 595, 759, 791, 901]"
1484,"[404, 756, 765, 804]"
1485,[775]
1486,"[601, 764, 770]"
1487,"[592, 755, 765, 767, 776, 791]"
1488,"[547, 605, 741, 766]"
1489,"[202, 604, 764, 783, 860, 871, 875]"
1490,[]
1491,[1036]
1492,"[760, 768, 785]"
1493,"[754, 766]"
1494,[563]
1495,[766]
1496,"[559, 560, 571, 864]"
1497,[]
1498,[]
1499,[700]
1500,[856]
1501,[]
1502,[306]
1503,[577]
1504,[644]
1505,[744]
1506,"[338, 577, 644]"
1507,"[598, 625, 649, 655, 747, 760, 848]"
1508,[581]
1509,"[564, 589, 659]"
1510,[663]
1511,[646]
1512,[638]
1513,"[563, 586, 616, 641]"
1514,"[619, 637]"
1515,"[649, 653, 726]"
1516,"[638, 644, 652, 738, 760]"
1517,"[613, 632, 633, 638, 761]"
1518,[]
1519,"[625, 633, 637, 654, 662, 731, 755, 759, 853, 874]"
1520,"[174, 201, 207, 579, 618, 641, 659, 741, 766]"
1521,"[636, 638, 640, 642, 736, 751]"
1522,"[648, 652, 746]"
1523,[822]
1524,"[236, 636]"
1525,"[197, 617, 637, 645]"
1526,"[627, 628, 657]"
1527,"[621, 749]"
1528,[589]
1529,[702]
1530,"[640, 762]"
1531,"[589, 601, 669, 717]"
1532,"[189, 623, 772]"
1533,"[626, 733]"
1534,[]
1535,[]
1536,[723]
1537,[]
1538,[]
1539,"[698, 702, 718]"
1540,[]
1541,"[105, 675, 696]"
1542,"[725, 728, 756]"
1543,[716]
1544,"[706, 707, 715]"
1545,"[618, 695, 698, 719, 723, 744]"
1546,[723]
1547,"[711, 715]"
1548,"[555, 635, 718, 726]"
1549,"[712, 719]"
1550,"[111, 641, 729, 748]"
1551,"[697, 700, 721, 723]"
1552,"[631, 644, 709, 718, 747]"
1553,"[707, 710, 870]"
1554,[721]
1555,[730]
1556,"[687, 720]"
1557,"[624, 663, 740, 748]"
1558,"[607, 655, 698, 722, 748]"
1559,"[609, 710, 742]"
1560,"[716, 721, 729, 733]"
1561,"[722, 732, 751]"
1562,[629]
1563,[104]
1564,[737]
1565,"[675, 734, 765]"
1566,"[748, 854]"
1567,[724]
1568,"[740, 754]"
1569,[]
1570,"[727, 737, 747, 788, 851]"
1571,"[734, 748, 874, 884, 1065]"
1572,[890]
1573,"[732, 746, 760, 885]"
1574,"[131, 651, 748, 873]"
1575,"[755, 859, 890]"
1576,"[752, 760, 848, 850, 854]"
1577,"[123, 732, 744, 779, 843]"
1578,[862]
1579,"[115, 728, 741, 847]"
1580,"[695, 762, 897]"
1581,"[146, 734, 741, 743, 854]"
1582,"[145, 770]"
1583,[770]
1584,"[745, 752, 851]"
1585,"[728, 735]"
1586,"[732, 760]"
1587,"[717, 847]"
1588,"[756, 762]"
1589,[846]
1590,[158]
1591,"[728, 738, 745, 846]"
1592,[751]
1593,"[699, 739]"
1594,"[684, 844]"
1595,[722]
1596,[]
1597,[]
1598,[838]
1599,[]
1600,[]
1601,[]
1602,[]
1603,"[707, 859]"
1604,[]
1605,[]
1606,[]
1607,[]
1608,[]
1609,[]
1610,[731]
1611,[]
1612,"[583, 1071]"
1613,"[161, 780, 867]"
1614,[]
1615,[]
1616,[]
1617,[]
1618,[]
1619,[1077]
1620,[]
1621,[592]
1622,[874]
1623,[]
1624,[]
1625,[764]
1626,"[726, 841]"
1627,[]
1628,[]
1629,[]
1630,[]
1631,[]
1632,[]
1633,[]
1634,[]
1635,[751]
1636,[]
1637,[]
1638,[]
1639,[222]
1640,[]
1641,[]
1642,"[219, 227]"
1643,[]
1644,[178]
1645,[]
1646,"[195, 640, 703]"
1647,[]
1648,[721]
1649,[]
1650,[]
1651,[]
1652,[]
1653,[541]
1654,"[193, 438]"
1655,"[186, 1109]"
1656,[194]
1657,[]
1658,[187]
1659,[]
1660,"[719, 721]"
1661,[]
1662,[]
1663,[]
1664,[]
1665,[]
1666,[897]
1667,"[708, 788]"
1668,[709]
1669,[]
1670,[]
1671,[]
1672,[711]
1673,[721]
1674,[]
1675,[]
1676,[]
1677,[718]
1678,[713]
1679,[]
1680,[773]
1681,"[711, 728]"
1682,[]
1683,[864]
1684,"[717, 1257]"
1685,"[705, 880]"
1686,[]
1687,[]
1688,[]
1689,[]
1690,[]
1691,[]
1692,[]
1693,[]
1694,[497]
1695,[]
1696,[]
1697,[992]
1698,[1327]
1699,[]
1700,[]
1701,[]
1702,[]
1703,"[536, 1176]"
1704,[]
1705,[]
1706,[]
1707,[]
1708,[]
1709,[861]
1710,[1384]
1711,[]
1712,[1232]
1713,[]
1714,[]
1715,[]
1716,[]
1717,[]
1718,[]
1719,[]
1720,[]
1721,[]
1722,[1175]
1723,[]
1724,[]
1725,[]
1726,[]
1727,[]
1728,[]
1729,[]
1730,[]
1731,[]
1732,[]
1733,[880]
1734,[773]
1735,[851]
1736,[877]
1737,[]
1738,[]
1739,[]
1740,[]
1741,[]
1742,[]
1743,[843]
1744,[]
1745,[]
1746,[849]
1747,[]
1748,[]
1749,[]
1750,[]
1751,[]
1752,[864]
1753,[847]
1754,[]
1755,[]
1756,[]
1757,[]
1758,[868]
1759,[]
1760,[]
1761,[]
1762,[]
1763,[]
1764,[]
1765,[]
1766,[1040]
1767,[]
1768,[]
1769,[]
1770,[]
1771,[]
1772,[194]
1773,[]
1774,[]
1775,[]
1776,[175]
1777,[]
1778,[]
1779,[]
1780,[]
1781,[706]
1782,[900]
1783,[]
1784,[]
1785,[]
1786,"[209, 695]"
1787,[153]
1788,[]
1789,[939]
1790,[1043]
1791,[]
1792,[]
1793,[]
1794,[]
1795,[]
1796,[]
1797,[]
1798,[]
1799,[]
1800,[771]
1801,[1095]
1802,[278]
1803,[]
1804,[]
1805,[]
1806,[]
1807,[]
1808,[]
1809,[760]
1810,[]
1811,[]
1812,[]
1813,[]
1814,[]
1815,[]
1816,"[711, 822]"
1817,[]
1818,[]
1819,[]
1820,"[723, 1267]"
1821,[]
1822,[191]
1823,[845]
1824,[1107]
1825,[]
1826,[793]
1827,[]
1828,[524]
1829,[783]
1830,[192]
1831,"[179, 180, 203, 949]"
1832,"[173, 192, 204]"
1833,[]
1834,[714]
1835,[634]
1836,[]
1837,[186]
1838,"[183, 832]"
1839,[804]
1840,[933]
1841,[787]
1842,[1120]
1843,[]
1844,[211]
1845,[]
1846,"[762, 771, 780]"
1847,[]
1848,[782]
1849,"[786, 800]"
1850,"[190, 227, 784]"
1851,[226]
1852,[]
1853,[785]
1854,"[181, 783]"
1855,"[773, 788]"
1856,[]
1857,[756]
1858,[775]
1859,[764]
1860,[]
1861,"[174, 765]"
1862,"[152, 751]"
1863,[]
1864,[179]
1865,[775]
1866,[135]
1867,"[206, 914]"
1868,"[784, 1154]"
1869,"[170, 787]"
1870,[779]
1871,[179]
1872,[788]
1873,"[155, 784]"
1874,[177]
1875,"[153, 815]"
1876,[]
1877,[801]
1878,"[166, 527, 787]"
1879,"[142, 175, 792, 807, 1156]"
1880,[512]
1881,[178]
1882,"[170, 564]"
1883,[]
1884,[782]
1885,[1125]
1886,[177]
1887,"[184, 769]"
1888,[529]
1889,"[150, 173]"
1890,"[177, 499, 506]"
1891,[]
1892,[181]
1893,"[152, 181, 191, 499]"
1894,"[184, 519]"
1895,"[157, 162, 497]"
1896,"[1208, 1356]"
1897,"[155, 1179]"
1898,[]
1899,[943]
1900,"[178, 513]"
1901,[]
1902,"[487, 495]"
1903,"[162, 180]"
1904,[]
1905,"[187, 496]"
1906,[508]
1907,[757]
1908,[981]
1909,[188]
1910,[]
1911,[]
1912,[]
1913,[]
1914,[]
1915,[803]
1916,[]
1917,[]
1918,"[796, 808]"
1919,[]
1920,[156]
1921,[]
1922,[]
1923,[]
1924,[]
1925,[817]
1926,"[191, 807]"
1927,[]
1928,[1406]
1929,[]
1930,[]
1931,[926]
1932,[803]
1933,[727]
1934,[]
1935,[829]
1936,[]
1937,[]
1938,[]
1939,[819]
1940,"[814, 815]"
1941,"[936, 979]"
1942,[]
1943,[997]
1944,[]
1945,[]
1946,[999]
1947,[]
1948,[990]
1949,[]
1950,[]
1951,[]
1952,[997]
1953,[970]
1954,[975]
1955,[]
1956,[]
1957,[]
1958,[952]
1959,[]
1960,[]
1961,[]
1962,"[466, 742]"
1963,[802]
1964,[]
1965,"[210, 527]"
1966,"[471, 702]"
1967,"[231, 982]"
1968,[]
1969,[]
1970,[1004]
1971,[]
1972,[]
1973,[227]
1974,[208]
1975,[508]
1976,"[473, 480]"
1977,[]
1978,[466]
1979,[204]
1980,[202]
1981,[1171]
1982,[164]
1983,[]
1984,[]
1985,[]
1986,[]
1987,"[191, 206, 483]"
1988,"[199, 210]"
1989,[]
1990,[]
1991,[212]
1992,[]
1993,[]
1994,[]
1995,[]
1996,[173]
1997,[]
1998,[]
1999,[]
2000,[]
2001,[481]
2002,[]
2003,"[214, 529, 862]"
2004,[]
2005,[]
2006,[201]
2007,[]
2008,[1363]
2009,[]
2010,"[198, 204]"
2011,[162]
2012,[]
2013,[]
2014,[]
2015,[]
2016,[]
2017,[]
2018,[920]
2019,"[135, 158, 1239]"
2020,[516]
2021,[509]
2022,[1396]
2023,[]
2024,[470]
2025,[436]
2026,[1029]
2027,[]
2028,[144]
2029,"[146, 461]"
2030,[464]
2031,[]
2032,"[457, 913]"
2033,[]
2034,"[131, 441, 493, 499]"
2035,"[454, 486, 490, 498, 499]"
2036,[]
2037,[698]
2038,[]
2039,"[450, 506]"
2040,[473]
2041,[508]
2042,"[435, 487]"
2043,[453]
2044,[]
2045,"[434, 457, 459, 1033]"
2046,[]
2047,"[431, 507]"
2048,[495]
2049,[]
2050,[514]
2051,[602]
2052,[]
2053,[867]
2054,[523]
2055,[]
2056,[869]
2057,[]
2058,[599]
2059,[]
2060,[]
2061,[]
2062,[]
2063,[]
2064,[]
2065,[]
2066,[]
2067,[]
2068,[]
2069,[]
2070,[]
2071,[]
2072,[]
2073,[]
2074,[]
2075,[]
2076,[]
2077,[]
2078,[]
2079,[]
2080,[]
2081,[441]
2082,[]
2083,[]
2084,[]
2085,[]
2086,[]
2087,[1282]
2088,[]
2089,[]
2090,"[680, 827]"
2091,[848]
2092,[839]
2093,[]
2094,[850]
2095,[840]
2096,[455]
2097,"[830, 843, 850]"
2098,[841]
2099,"[841, 845]"
2100,"[825, 829]"
2101,[837]
2102,[]
2103,[827]
2104,"[839, 845]"
2105,[]
2106,[]
2107,[834]
2108,"[851, 875]"
2109,"[825, 828]"
2110,"[832, 859]"
2111,[807]
2112,[]
2113,[824]
2114,[]
2115,[]
2116,[]
2117,[]
2118,[]
2119,[]
2120,[878]
2121,[]
2122,[]
2123,"[494, 509]"
2124,[]
2125,[]
2126,[]
2127,[]
2128,[696]
2129,[477]
2130,[]
2131,[494]
2132,[]
2133,[]
2134,"[468, 730]"
2135,[507]
2136,"[502, 703]"
2137,[]
2138,[742]
2139,[]
2140,[482]
2141,[480]
2142,[]
2143,[]
2144,[1006]
2145,[]
2146,[]
2147,[736]
2148,[997]
2149,[729]
2150,[]
2151,[1087]
2152,"[986, 993]"
2153,[]
2154,"[715, 993]"
2155,[1010]
2156,"[685, 696]"
2157,"[987, 1010]"
2158,[]
2159,[996]
2160,"[992, 1007]"
2161,[672]
2162,[]
2163,[672]
2164,[]
2165,[]
2166,[]
2167,[]
2168,[]
2169,"[1001, 1012]"
2170,[]
2171,[]
2172,[703]
2173,[]
2174,[]
2175,[695]
2176,[]
2177,[]
2178,[]
2179,[1001]
2180,[]
2181,[]
2182,[]
2183,[]
2184,[]
2185,[]
2186,[]
2187,[]
2188,[]
2189,[]
2190,[]
2191,[]
2192,[]
2193,"[961, 1128]"
2194,[]
2195,[]
2196,[]
2197,[]
2198,[]
2199,[]
2200,[]
2201,[]
2202,[]
2203,[]
2204,[]
2205,[]
2206,[]
2207,[]
2208,[]
2209,[]
2210,[]
2211,[1051]
2212,[]
2213,[]
2214,[]
2215,[]
2216,[]
2217,[]
2218,[]
2219,[]
2220,[]
2221,[]
2222,[]
2223,[]
2224,[]
2225,[]
2226,[1020]
2227,[]
2228,[]
2229,[]
2230,[]
2231,[]
2232,[568]
2233,[1041]
2234,[]
2235,[]
2236,[]
2237,[]
2238,[]
2239,[]
2240,[]
2241,[]
2242,[]
2243,[]
2244,[]
2245,[1027]
2246,[]
2247,[]
2248,[]
2249,[]
2250,[]
2251,[1025]
2252,[]
2253,"[1021, 1031]"
2254,[1024]
2255,[]
2256,[]
2257,[]
2258,[]
2259,[1022]
2260,[]
2261,[959]
2262,[]
2263,[]
2264,[850]
2265,[]
2266,"[1018, 1042]"
2267,[]
2268,[1042]
2269,[]
2270,[]
2271,[]
2272,[]
2273,[]
2274,[]
2275,[]
2276,[]
2277,[]
2278,[]
2279,[]
2280,[]
2281,[]
2282,[]
2283,[]
2284,[]
2285,[]
2286,[]
2287,[887]
2288,[]
2289,[869]
2290,[893]
2291,[]
2292,[]
2293,[]
2294,[]
2295,[]
2296,[857]
2297,[850]
2298,[]
2299,[874]
2300,[]
2301,[851]
2302,[]
2303,[]
2304,[]
2305,[1290]
2306,[]
2307,[1286]
2308,[]
2309,[]
2310,[]
2311,[]
2312,[]
2313,[]
2314,[]
2315,[]
2316,[]
2317,[]
2318,[]
2319,[]
2320,[]
2321,[]
2322,[]
2323,[]
2324,[]
2325,[]
2326,[]
2327,[]
2328,[]
2329,[]
2330,[]
2331,[]
2332,[]
2333,[]
2334,[]
2335,[]
2336,[]
2337,[942]
2338,[]
2339,[]
2340,[]
2341,[]
2342,[]
2343,[]
2344,[]
2345,[573]
2346,[]
2347,[]
2348,[]
2349,[]
2350,[]
2351,[]
2352,[]
2353,[]
2354,[]
2355,[]
2356,[]
2357,[]
2358,[]
2359,[]
2360,[]
2361,[]
2362,[]
2363,[]
2364,[]
2365,[]
2366,[]
2367,[]
2368,[]
2369,[]
2370,[]
2371,[]
2372,[]
2373,[]
2374,[]
2375,[]
2376,[]
2377,[]
2378,[]
2379,[]
2380,[]
2381,[]
2382,[]
2383,[]
2384,[]
2385,[]
2386,[]
2387,[]
2388,[1362]
2389,[]
2390,[]
2391,[]
2392,[]
2393,[]
2394,[]
2395,[]
2396,[]
2397,[]
2398,[]
2399,[]
2400,[]
2401,[]
2402,[]
2403,[]
2404,[]
2405,[]
2406,[]
2407,[]
2408,[]
2409,[]
2410,[]
2411,[]
2412,[]
2413,[]
2414,[]
2415,[]
2416,[]
2417,[]
2418,[]
2419,[]
2420,[]
2421,[]
2422,[]
2423,[]
2424,[]
2425,[]
2426,[]
2427,[]
2428,[]
2429,[]
2430,[]
2431,[]
2432,[]
2433,[]
2434,[]
2435,[]
2436,[]
2437,[]
2438,[]
2439,[]
2440,[]
2441,[]
2442,[]
2443,[]
2444,[1007]
2445,[]
2446,[]
2447,[]
2448,[]
2449,[]
2450,[]
2451,[]
2452,[]
2453,[]
2454,[]
2455,[]
2456,[]
2457,[]
2458,[]
2459,[]
2460,[]
2461,[]
2462,[]
2463,[]
2464,[]
2465,[]
2466,[]
2467,[]
2468,[]
2469,[]
2470,[]
2471,[]
2472,[]
2473,[]
2474,[]
2475,[]
2476,[]
2477,[]
2478,[]
2479,[]
2480,[]
2481,[]
2482,[]
2483,[]
2484,[]
2485,[]
2486,[]
2487,[]
2488,[]
2489,[]
2490,[]
2491,[]
2492,[]
2493,[]
2494,[]
2495,[]
2496,[]
2497,[]
2498,[]
2499,[]
2500,[]
2501,[]
2502,[]
2503,[]
2504,[]
2505,[]
2506,[]
2507,[]
2508,[]
2509,[]
2510,[]
2511,[]
2512,[]
2513,[]
2514,[]
2515,[]
2516,[]
2517,[]
2518,[]
2519,[]
2520,[]
2521,[]
2522,[]
2523,[]
2524,[]
2525,[]
2526,[]
2527,[]
2528,[]
2529,[]
2530,[]
2531,[]
2532,[]
2533,[]
2534,[]
2535,[]
2536,[]
2537,[]
2538,[]
2539,[]
2540,[]
2541,[]
2542,[]
2543,[]
2544,[]
2545,[]
2546,[]
2547,[]
2548,[]
2549,[]
2550,[]
2551,[]
2552,[]
2553,[]
2554,[]
2555,[]
2556,[571]
2557,[]
2558,[]
2559,[]
