timestamp,x,y,device,idx_table
1701073137724,0.1638623178005218,0.2002597451210022,1,1701073137683
1701073137764,0.1191664561629295,0.0877041220664978,1,1701073137683
1701073137804,nan,nan,2,1701073137683
1701073137844,nan,nan,2,1701073137683
1701073137883,nan,nan,2,1701073137683
1701073137923,nan,nan,2,1701073137683
1701073137965,nan,nan,2,1701073137683
1701073138005,nan,nan,2,1701073137683
1701073138046,nan,nan,2,1701073137683
1701073138124,nan,nan,2,1701073137683
1701073138164,0.242289125919342,0.0466132164001463,1,1701073137683
1701073138205,nan,nan,2,1701073137683
1701073138246,nan,nan,2,1701073137683
1701073138285,nan,nan,2,1701073137683
1701073138323,nan,nan,2,1701073137683
1701073138362,nan,nan,2,1701073137683
1701073138401,nan,nan,2,1701073137683
1701073138443,nan,nan,2,1701073137683
1701073138484,nan,nan,2,1701073137683
1701073138526,nan,nan,2,1701073137683
1701073138568,nan,nan,2,1701073137683
1701073138611,nan,nan,2,1701073137683
1701073138652,nan,nan,2,1701073137683
1701073138690,nan,nan,2,1701073137683
1701073138727,nan,nan,2,1701073137683
1701073138768,nan,nan,2,1701073137683
1701073138805,nan,nan,2,1701073137683
1701073138843,nan,nan,2,1701073137683
1701073138880,nan,nan,2,1701073137683
1701073138916,nan,nan,2,1701073137683
1701073138953,nan,nan,2,1701073137683
1701073138989,nan,nan,2,1701073137683
1701073139024,nan,nan,2,1701073137683
1701073139060,nan,nan,2,1701073137683
1701073139096,0.2420634329319,0.3147922158241272,1,1701073137683
1701073139139,0.366861492395401,0.3406020402908325,1,1701073137683
1701073139182,0.3831607699394226,0.4329427480697632,1,1701073137683
1701073139222,0.3670007288455963,0.4077769517898559,1,1701073137683
1701073139259,0.3587231338024139,0.3817418217658996,1,1701073137683
1701073139298,0.3608889281749725,0.4144735932350158,1,1701073137683
1701073139336,0.373751550912857,0.4974325895309448,1,1701073137683
1701073139426,0.3387660086154938,0.5404323935508728,1,1701073137683
1701073139464,nan,nan,2,1701073137683
1701073139498,nan,nan,2,1701073137683
1701073139531,nan,nan,2,1701073137683
1701073139562,nan,nan,2,1701073137683
1701073139596,nan,nan,2,1701073137683
1701073139631,nan,nan,2,1701073137683
1701073139683,nan,nan,2,1701073137683
1701073139713,nan,nan,2,1701073137683
1701073139747,nan,nan,2,1701073137683
1701073139788,nan,nan,2,1701073137683
1701073139829,0.1171773436168829,0.1408933401107788,0,1701073137683
1701073139871,nan,nan,2,1701073137683
1701073139913,nan,nan,2,1701073137683
1701073139955,nan,nan,2,1701073137683
1701073139997,nan,nan,2,1701073137683
1701073140036,nan,nan,2,1701073137683
1701073140077,nan,nan,2,1701073137683
1701073140115,nan,nan,2,1701073137683
1701073140145,nan,nan,2,1701073137683
1701073140177,nan,nan,2,1701073137683
1701073140248,nan,nan,2,1701073137683
1701073140281,nan,nan,2,1701073137683
1701073140321,nan,nan,2,1701073137683
1701073140361,nan,nan,2,1701073137683
1701073140397,nan,nan,2,1701073137683
1701073140433,nan,nan,2,1701073137683
1701073140467,nan,nan,2,1701073137683
1701073140503,0.1342294539014498,0.3099722266197204,0,1701073137683
1701073140536,0.2181248987714449,0.4669992923736572,0,1701073137683
1701073140572,0.18304310242335,0.4966502785682678,0,1701073137683
1701073140608,nan,nan,2,1701073137683
1701073140641,nan,nan,2,1701073137683
1701073140677,nan,nan,2,1701073137683
1701073140712,0.3298031687736511,0.8158094584941864,1,1701073137683
1701073140748,0.3184212744235992,0.5381149649620056,1,1701073137683
1701073140784,0.3120737969875335,0.304974615573883,1,1701073137683
1701073140821,0.3301141560077667,0.3783602714538574,1,1701073137683
1701073140858,0.3474886119365692,0.424348771572113,1,1701073137683
1701073140895,0.3628927171230316,0.4271562695503235,1,1701073137683
1701073140933,0.3753853738307953,0.4077520966529846,1,1701073137683
1701073140971,0.3895200490951538,0.38831228017807,1,1701073137683
1701073141009,0.382970929145813,0.397573173046112,1,1701073137683
1701073141047,0.2461714893579483,0.3289121389389038,1,1701073137683
1701073141083,0.2293387800455093,0.3216888308525085,1,1701073137683
1701073141120,0.2284642457962036,0.3271715641021728,1,1701073137683
1701073141157,0.2366280704736709,0.3284122943878174,1,1701073141157
1701073141229,0.2336524575948715,0.320719838142395,1,1701073141157
1701073141292,0.2276593148708343,0.341095507144928,1,1701073141157
1701073141337,0.1714016050100326,0.3903934359550476,1,1701073141157
1701073141375,nan,nan,2,1701073141157
1701073141413,nan,nan,2,1701073141157
1701073141450,nan,nan,2,1701073141157
1701073141486,nan,nan,2,1701073141157
1701073141523,nan,nan,2,1701073141157
1701073141560,nan,nan,2,1701073141157
1701073141599,nan,nan,2,1701073141157
1701073141638,nan,nan,2,1701073141157
1701073141678,nan,nan,2,1701073141157
1701073141718,0.2878470420837402,0.7009446918964386,1,1701073141157
1701073141756,0.4091674387454986,0.8014893829822541,0,1701073141157
1701073141787,nan,nan,2,1701073141157
1701073141821,nan,nan,2,1701073141157
1701073141857,nan,nan,2,1701073141157
1701073141895,nan,nan,2,1701073141157
1701073141934,nan,nan,2,1701073141157
1701073141973,nan,nan,2,1701073141157
1701073142014,nan,nan,2,1701073141157
1701073142054,nan,nan,2,1701073141157
1701073142092,nan,nan,2,1701073141157
1701073142129,nan,nan,2,1701073141157
1701073142167,nan,nan,2,1701073141157
1701073142206,nan,nan,2,1701073141157
1701073142245,0.0728182215243577,0.7763545215129853,0,1701073141157
1701073142282,0.0764361272255579,0.7700858563184739,0,1701073141157
1701073142320,0.0612508716682593,0.7627707123756409,0,1701073141157
1701073142359,0.0374084760745366,0.7710442692041397,0,1701073141157
1701073142398,0.0325333379829923,0.7857313603162766,0,1701073141157
1701073142437,0.0412107507387796,0.7853936702013016,0,1701073141157
1701073142477,0.0489201253900925,0.7821856737136841,0,1701073141157
1701073142514,0.0536334750552972,0.7672645002603531,0,1701073141157
1701073142552,0.05442041469117,0.7639514952898026,0,1701073141157
1701073142592,0.0651589365055163,0.7773188203573227,0,1701073141157
1701073142630,0.0631567159046729,0.7698068320751191,0,1701073141157
1701073142668,0.0441184658557176,0.7785652726888657,0,1701073141157
1701073142708,0.0475174418340126,0.7811442762613297,0,1701073141157
1701073142745,0.0476196637998024,0.7861229479312897,0,1701073141157
1701073142783,0.0519224870949983,0.784262403845787,0,1701073142783
1701073142822,0.0552036731193463,0.7686044424772263,0,1701073142783
1701073142859,0.1468455741802851,0.6564586758613586,0,1701073142783
1701073142894,nan,nan,2,1701073142783
1701073142929,nan,nan,2,1701073142783
1701073142964,nan,nan,2,1701073142783
1701073143000,0.3325399371484915,0.5195744037628174,0,1701073142783
1701073143038,0.4010510991017024,0.4590208530426025,0,1701073142783
1701073143080,0.4649034067988395,0.386493980884552,0,1701073142783
1701073143123,0.4567710856596629,0.2870478630065918,0,1701073142783
1701073143160,nan,nan,2,1701073142783
1701073143192,nan,nan,2,1701073142783
1701073143224,nan,nan,2,1701073142783
1701073143257,nan,nan,2,1701073142783
1701073143289,0.3767864021162192,0.7991022020578384,0,1701073142783
1701073143325,nan,nan,2,1701073142783
1701073143360,0.1228195577859878,0.6511437296867371,1,1701073142783
1701073143396,0.1539352983236313,0.4528793692588806,1,1701073142783
1701073143432,0.1742260903120041,0.4101824760437011,1,1701073142783
1701073143469,0.1770244091749191,0.3423607945442199,1,1701073142783
1701073143506,0.189555749297142,0.2736391425132751,1,1701073142783
1701073143543,0.2132063508033752,0.2620275020599365,1,1701073142783
1701073143582,0.2261884063482284,0.2279339432716369,1,1701073142783
1701073143618,0.2391766309738159,0.2073490023612976,1,1701073142783
1701073143655,0.2372890263795852,0.1869349479675293,1,1701073142783
1701073143692,0.2455981820821762,0.1744489073753357,1,1701073142783
1701073143729,0.2774457037448883,0.1631468534469604,1,1701073142783
1701073143767,0.2764305174350738,0.1138501167297363,1,1701073142783
1701073143807,0.2495641261339187,0.2304786443710327,1,1701073142783
1701073143844,nan,nan,2,1701073142783
1701073143874,nan,nan,2,1701073142783
1701073143905,nan,nan,2,1701073142783
1701073143937,nan,nan,2,1701073142783
1701073143968,0.3310834479828675,0.0388637781143188,0,1701073142783
1701073143995,nan,nan,2,1701073142783
1701073144030,nan,nan,2,1701073142783
1701073144065,nan,nan,2,1701073142783
1701073144100,nan,nan,2,1701073142783
1701073144136,nan,nan,2,1701073142783
1701073144173,0.2483538116017977,0.1813290119171142,0,1701073142783
1701073144209,0.4308345963557561,0.3581188917160034,0,1701073142783
1701073144247,0.4562684694925943,0.4153509736061096,0,1701073142783
1701073144283,0.4442939584453901,0.4382990002632141,0,1701073142783
1701073144319,0.4442789331078529,0.4353175759315491,0,1701073142783
1701073144356,0.4387875075141589,0.4198902249336242,0,1701073142783
1701073144393,0.4481373776992162,0.4203328490257263,0,1701073142783
1701073144431,0.461198940873146,0.4124869704246521,0,1701073142783
1701073144470,0.4525930608312288,0.4129598736763,0,1701073142783
1701073144509,0.4414896219968796,0.4146533012390136,0,1701073142783
1701073144546,0.439847911397616,0.4094101786613464,0,1701073142783
1701073144583,0.4368200823664665,0.4099994301795959,0,1701073142783
1701073144622,0.4238709360361099,0.4319592714309692,0,1701073142783
1701073144662,0.4206537380814552,0.428606629371643,0,1701073142783
1701073144699,0.4306360508004824,0.4143481850624084,0,1701073142783
1701073144736,0.4279169738292694,0.4084168076515198,0,1701073142783
1701073144772,0.4307310705383619,0.4193153381347656,0,1701073142783
1701073144810,0.4228257437547048,0.4320416450500488,0,1701073142783
1701073144849,0.4215944980581602,0.4322715401649475,0,1701073142783
1701073144887,0.4295437211791674,0.4268715381622314,0,1701073142783
1701073144924,0.4239231397708257,0.4324531555175781,0,1701073142783
1701073144961,0.4158082654078801,0.4375689029693603,0,1701073142783
1701073144997,0.4148632834355036,0.4425896406173706,0,1701073142783
1701073145033,0.4126737440625826,0.452833354473114,0,1701073142783
1701073145069,0.416258988281091,0.4460815787315368,0,1701073142783
1701073145106,0.4114904925227165,0.4429613351821899,0,1701073142783
1701073145145,0.4144178380568822,0.4376420378684997,0,1701073142783
1701073145183,0.4104590465625127,0.4409139752388,0,1701073142783
1701073145221,0.4202729761600494,0.4406611323356628,0,1701073142783
1701073145262,0.4191101640462875,0.4307743906974792,0,1701073142783
1701073145301,0.4248456209897995,0.4264607429504394,0,1701073142783
1701073145339,0.4213310827811559,0.4305240511894226,0,1701073142783
1701073145378,0.4147449309627215,0.4414158463478088,0,1701073142783
1701073145415,0.4164755642414093,0.4324397444725036,0,1701073142783
1701073145453,0.4212036033471426,0.417704164981842,0,1701073142783
1701073145490,0.425860824684302,0.4067938923835754,0,1701073142783
1701073145526,0.4319054558873176,0.4186151623725891,0,1701073142783
1701073145564,0.4345622460047403,0.4225541949272156,0,1701073142783
1701073145601,0.4257580563426018,0.4411039352416992,0,1701073142783
1701073145639,0.4138327439626058,0.4394084215164184,0,1701073142783
1701073145676,0.4179662764072418,0.4249097108840942,0,1701073142783
1701073145713,0.4162984763582548,0.4111539721488952,0,1701073142783
1701073145748,0.4101155002911885,0.4019017219543457,0,1701073142783
1701073145781,0.3876327897111575,0.3305104374885559,0,1701073142783
1701073145814,nan,nan,2,1701073142783
1701073145848,nan,nan,2,1701073142783
1701073145881,nan,nan,2,1701073145881
1701073145911,nan,nan,2,1701073145881
1701073145943,nan,nan,2,1701073145881
1701073145973,0.1613000035285949,0.0865773558616638,0,1701073145881
1701073146007,nan,nan,2,1701073145881
1701073146038,nan,nan,2,1701073145881
1701073146073,nan,nan,2,1701073145881
1701073146105,0.0013554960023611,0.8725074976682663,1,1701073145881
1701073146141,nan,nan,2,1701073145881
1701073146178,nan,nan,2,1701073145881
1701073146212,0.0082487501204013,0.352974534034729,1,1701073145881
1701073146248,0.0498507097363472,0.3329139947891235,1,1701073145881
1701073146283,0.0746698975563049,0.3633081912994385,1,1701073145881
1701073146317,0.0997290983796119,0.3670293092727661,1,1701073145881
1701073146354,0.11676025390625,0.3560099005699157,1,1701073145881
1701073146389,0.1259320080280304,0.3323783874511719,1,1701073145881
1701073146427,0.1681444942951202,0.2652441263198852,1,1701073145881
1701073146464,0.3103020191192627,0.1982704997062683,1,1701073145881
1701073146499,0.3563771843910217,0.1763392686843872,1,1701073145881
1701073146535,0.3658017814159393,0.2068026065826416,1,1701073145881
1701073146573,0.3735905289649963,0.1985206007957458,1,1701073146573
1701073146609,0.3787136375904083,0.1676185727119445,1,1701073146573
1701073146644,0.3865573704242706,0.1625599265098571,1,1701073146573
1701073146693,0.3742076456546783,0.1721867322921753,1,1701073146573
1701073146731,0.4764567613601684,0.3048428893089294,1,1701073146573
1701073146766,nan,nan,2,1701073146573
1701073146800,nan,nan,2,1701073146573
1701073146834,0.0392034755398829,0.5449216067790985,0,1701073146573
1701073146866,0.1177122096220652,0.5904497504234314,0,1701073146573
1701073146899,0.1662330478429794,0.6035875678062439,0,1701073146573
1701073146935,0.1633412614464759,0.615043431520462,0,1701073146573
1701073146972,0.1588200603922208,0.6230597794055939,0,1701073146573
1701073147010,0.1528349816799163,0.6348348259925842,0,1701073146573
1701073147055,0.1131201138099034,0.7311242520809174,0,1701073146573
1701073147095,0.0734412930905818,0.8204432427883149,0,1701073146573
1701073147134,0.0176631092714766,0.8379485011100769,0,1701073146573
1701073147176,0.0217770207673311,0.8344810456037521,0,1701073146573
1701073147216,0.0149186439812183,0.8427439332008362,0,1701073146573
1701073147257,nan,nan,2,1701073146573
1701073147298,nan,nan,2,1701073146573
1701073147337,nan,nan,2,1701073146573
1701073147377,nan,nan,2,1701073146573
1701073147413,0.3626257727543513,0.2292273640632629,0,1701073146573
1701073147445,nan,nan,2,1701073146573
1701073147480,nan,nan,2,1701073146573
1701073147514,0.0794786661863327,0.7054729163646698,1,1701073146573
1701073147550,0.0874737426638603,0.4295721054077148,1,1701073146573
1701073147589,0.1553528755903244,0.1782523393630981,1,1701073146573
1701073147626,0.2014957666397094,0.2248265743255615,1,1701073146573
1701073147662,0.2151452302932739,0.2745798826217651,1,1701073146573
1701073147699,0.2377162724733352,0.3378003239631653,1,1701073146573
1701073147736,0.2564339935779571,0.3259048461914062,1,1701073146573
1701073147773,0.2722145020961761,0.3363933563232422,1,1701073146573
1701073147809,0.2889185547828674,0.3227996230125427,1,1701073146573
1701073147847,0.2899168729782104,0.3208906054496765,1,1701073146573
1701073147884,0.2810651361942291,0.3426631093025207,1,1701073146573
1701073147920,0.2853673696517944,0.3193406462669372,1,1701073147920
1701073147957,0.3120459020137787,0.2635807991027832,1,1701073147920
1701073147993,0.3287839889526367,0.2291276454925537,1,1701073147920
1701073148029,0.3432055413722992,0.2343678474426269,1,1701073147920
1701073148066,0.3272104561328888,0.2338969111442566,1,1701073147920
1701073148102,0.3156190514564514,0.2312670350074768,1,1701073147920
1701073148138,0.3320331573486328,0.2935751080513,1,1701073147920
1701073148174,0.3273881077766418,0.2973701357841491,1,1701073147920
1701073148210,0.3008955121040344,0.3113741278648376,1,1701073147920
1701073148247,0.2913098037242889,0.2904835343360901,1,1701073147920
1701073148282,0.27349653840065,0.2595390081405639,1,1701073147920
1701073148317,0.5422425866127014,0.6917101144790649,1,1701073147920
1701073148352,nan,nan,2,1701073147920
1701073148386,nan,nan,2,1701073147920
1701073148422,nan,nan,2,1701073147920
1701073148457,0.0017639570675479,0.7945201247930527,0,1701073147920
1701073148494,nan,nan,2,1701073147920
1701073148533,nan,nan,2,1701073147920
1701073148573,nan,nan,2,1701073147920
1701073148615,nan,nan,2,1701073147920
1701073148652,nan,nan,2,1701073147920
1701073148689,0.0227950876578688,0.6721280217170715,0,1701073147920
1701073148721,nan,nan,2,1701073147920
1701073148752,nan,nan,2,1701073147920
1701073148785,0.1033800120155016,0.8400979787111282,0,1701073147920
1701073148821,0.079589944332838,0.6942669451236725,0,1701073147920
1701073148853,0.1797986502448718,0.8015701025724411,0,1701073147920
1701073148885,nan,nan,2,1701073147920
1701073148920,0.3641115302840868,0.2640876173973083,0,1701073147920
1701073148956,0.4411548922459284,0.2545145153999328,0,1701073147920
1701073148993,0.5206836313009262,0.2328534126281738,0,1701073147920
1701073149029,0.511067216595014,0.2234714031219482,0,1701073147920
1701073149065,0.5037839263677597,0.2143498063087463,0,1701073147920
1701073149101,0.4989985053737958,0.2274765372276306,0,1701073147920
1701073149139,0.489559476574262,0.2446669936180114,0,1701073147920
1701073149177,0.4894971276323,0.2528489232063293,0,1701073147920
1701073149214,0.492227740585804,0.2769805788993835,0,1701073147920
1701073149252,0.4848264952500661,0.2722333669662475,0,1701073147920
1701073149290,0.492732952038447,0.2507526874542236,0,1701073147920
1701073149328,0.4958124260107676,0.2594196796417236,0,1701073147920
1701073149366,0.496686577796936,0.2743736505508423,0,1701073147920
1701073149403,0.4994768699010213,0.2780201435089111,0,1701073147920
1701073149448,0.5019598752260208,0.2717010378837585,0,1701073147920
1701073149486,0.5099547952413559,0.2761009335517883,0,1701073147920
1701073149522,0.5073378036419551,0.2666975259780884,0,1701073147920
1701073149560,0.4993384008606275,0.2793166637420654,0,1701073147920
1701073149598,0.4911415452758471,0.2838120460510254,0,1701073147920
1701073149634,0.4930145343144735,0.2861694693565368,0,1701073147920
1701073149671,0.4979245041807493,0.2816991209983825,0,1701073147920
1701073149709,0.5040652602910995,0.2769518494606018,0,1701073147920
1701073149745,0.5042475014925003,0.2770993709564209,0,1701073147920
1701073149781,0.5006472071011862,0.2876322865486145,0,1701073147920
1701073149816,0.4910241117080053,0.2924911975860595,0,1701073147920
1701073149851,0.4865955486893654,0.2964646220207214,0,1701073147920
1701073149888,0.4887892852226893,0.2961266040802002,0,1701073147920
1701073149924,0.4812192718187968,0.3015265464782715,0,1701073147920
1701073149959,0.4891117587685585,0.2978659868240356,0,1701073147920
1701073149995,0.492224375406901,0.2972936630249023,0,1701073147920
1701073150033,0.4943375463287035,0.2970585823059082,0,1701073147920
1701073150070,0.4959603200356165,0.2884148359298706,0,1701073147920
1701073150106,0.4936219677329063,0.2867100238800049,0,1701073147920
1701073150144,0.5004118184248607,0.2853935956954956,0,1701073147920
1701073150181,0.5012759119272232,0.2882419228553772,0,1701073147920
1701073150219,nan,nan,2,1701073147920
1701073150258,0.5087769081195196,0.2837259769439697,0,1701073147920
1701073150294,0.5127709656953812,0.2872363328933716,0,1701073147920
1701073150328,0.5082403918107351,0.2888897061347961,0,1701073147920
1701073150365,0.5067636370658875,0.2871826291084289,0,1701073147920
1701073150401,0.5109693159659704,0.2912297248840332,0,1701073147920
1701073150437,0.5151149431864421,0.2937020063400268,0,1701073147920
1701073150472,0.508127714196841,0.3095411658287048,0,1701073147920
1701073150508,0.5080140928427379,0.3078475594520569,0,1701073147920
1701073150545,0.5073750565449398,0.3043166399002075,0,1701073147920
1701073150582,0.4979396785298983,0.3138184547424316,0,1701073147920
1701073150616,0.4997345358133316,0.3063896298408508,0,1701073147920
1701073150654,0.5017812103033066,0.3089381456375122,0,1701073147920
1701073150691,0.2011436919371287,0.3350831270217895,0,1701073147920
1701073150728,0.5011072804530462,0.3111626505851745,0,1701073147920
1701073150768,0.5000517318646114,0.3157391548156738,0,1701073147920
1701073150804,0.2075899168848991,0.3226541876792907,0,1701073147920
1701073150841,nan,nan,2,1701073147920
1701073150878,0.4713437135020891,0.3482362627983093,0,1701073147920
1701073150915,nan,nan,2,1701073147920
1701073150951,0.4682524303595225,0.3514912724494934,0,1701073147920
1701073150988,nan,nan,2,1701073147920
1701073151024,nan,nan,2,1701073147920
1701073151062,0.4682525917887687,0.3451682925224304,0,1701073147920
1701073151098,0.4625998983780543,0.3533400297164917,0,1701073147920
1701073151134,nan,nan,2,1701073147920
1701073151171,nan,nan,2,1701073147920
1701073151209,0.2984129500885804,0.25022953748703,0,1701073147920
1701073151246,0.1335551192363103,0.4312929511070251,0,1701073147920
1701073151281,0.0487853984038034,0.5187549293041229,0,1701073147920
1701073151318,0.0523756016045808,0.5141154229640961,0,1701073147920
1701073151355,0.1258227576812108,0.4369544982910156,0,1701073147920
1701073151390,0.1436027474701404,0.4238704442977905,0,1701073147920
1701073151424,0.1393607879678408,0.4326836466789245,0,1701073147920
1701073151459,0.2093355655670166,0.2679297924041748,0,1701073147920
1701073151494,0.1449318764110406,0.4601035714149475,0,1701073147920
1701073151531,0.1551059782505035,0.4353561997413635,0,1701073147920
1701073151569,nan,nan,2,1701073147920
1701073151607,nan,nan,2,1701073147920
1701073151642,nan,nan,2,1701073147920
1701073151678,nan,nan,2,1701073147920
1701073151714,nan,nan,2,1701073147920
1701073151751,nan,nan,2,1701073147920
1701073151787,nan,nan,2,1701073147920
1701073151823,nan,nan,2,1701073147920
1701073151860,nan,nan,2,1701073147920
1701073151896,nan,nan,2,1701073147920
1701073151933,nan,nan,2,1701073147920
1701073151969,nan,nan,2,1701073147920
1701073152005,nan,nan,2,1701073147920
1701073152044,nan,nan,2,1701073147920
1701073152083,nan,nan,2,1701073147920
1701073152121,nan,nan,2,1701073147920
1701073152160,nan,nan,2,1701073147920
1701073152199,nan,nan,2,1701073147920
1701073152237,nan,nan,2,1701073147920
1701073152273,nan,nan,2,1701073147920
1701073152312,nan,nan,2,1701073147920
1701073152351,0.8740620166063309,0.7671825736761094,0,1701073147920
1701073152389,0.9221451257665952,0.6775425970554352,0,1701073147920
1701073152429,0.6552558938662212,0.7712392807006836,0,1701073147920
1701073152465,0.8140624860922496,0.6169544756412506,0,1701073147920
1701073152501,0.6666074246168137,0.7728239297866822,0,1701073147920
1701073152537,nan,nan,2,1701073147920
1701073152578,nan,nan,2,1701073147920
1701073152616,nan,nan,2,1701073147920
1701073152655,0.380208820104599,0.0980948805809019,0,1701073147920
1701073152694,nan,nan,2,1701073147920
1701073152732,nan,nan,2,1701073147920
1701073152768,0.4038565903902054,0.1858598589897155,0,1701073147920
1701073152804,0.0657210399707158,0.872667282819748,0,1701073147920
1701073152843,0.0668316564212242,0.8827116042375565,0,1701073147920
1701073152883,nan,nan,2,1701073147920
1701073152922,nan,nan,2,1701073147920
1701073152960,nan,nan,2,1701073147920
1701073152998,nan,nan,2,1701073147920
1701073153035,nan,nan,2,1701073147920
1701073153070,nan,nan,2,1701073147920
1701073153108,nan,nan,2,1701073147920
1701073153144,nan,nan,2,1701073147920
1701073153180,nan,nan,2,1701073147920
1701073153216,nan,nan,2,1701073147920
1701073153251,nan,nan,2,1701073147920
1701073153286,nan,nan,2,1701073147920
1701073153321,nan,nan,2,1701073147920
1701073153357,nan,nan,2,1701073147920
1701073153391,nan,nan,2,1701073147920
1701073153428,nan,nan,2,1701073147920
1701073153466,nan,nan,2,1701073147920
1701073153502,nan,nan,2,1701073147920
1701073153539,nan,nan,2,1701073147920
1701073153582,nan,nan,2,1701073147920
1701073153622,nan,nan,2,1701073147920
1701073153661,nan,nan,2,1701073147920
1701073153700,nan,nan,2,1701073147920
1701073153739,nan,nan,2,1701073147920
1701073153779,nan,nan,2,1701073147920
1701073153816,nan,nan,2,1701073147920
1701073153853,nan,nan,2,1701073147920
1701073153885,nan,nan,2,1701073147920
1701073153916,nan,nan,2,1701073147920
1701073153945,nan,nan,2,1701073147920
1701073153981,nan,nan,2,1701073147920
1701073154013,nan,nan,2,1701073147920
1701073154045,nan,nan,2,1701073147920
1701073154081,nan,nan,2,1701073147920
1701073154112,nan,nan,2,1701073147920
1701073154148,0.2835784256458282,0.086147665977478,1,1701073147920
1701073154181,0.4069591760635376,0.2777565121650696,1,1701073147920
1701073154213,0.4173130691051483,0.3032673001289367,1,1701073147920
1701073154249,0.3126135468482971,0.2275996208190918,1,1701073147920
1701073154281,0.3271736800670624,0.2503618001937866,1,1701073147920
1701073154313,0.3390800654888153,0.2420577406883239,1,1701073147920
1701073154349,0.3322924673557281,0.2378931641578674,1,1701073147920
1701073154381,0.3277766108512878,0.2322810888290405,1,1701073147920
1701073154417,0.3296579122543335,0.2548300623893738,1,1701073147920
1701073154449,0.3370643258094787,0.2627137303352356,1,1701073147920
1701073154482,0.3374219238758087,0.2520642280578613,1,1701073147920
1701073154517,0.2974278032779693,0.2132735848426818,1,1701073147920
1701073154549,0.284976989030838,0.1841830015182495,1,1701073147920
1701073154581,0.2857630550861358,0.1699930429458618,1,1701073147920
1701073154617,0.2811427712440491,0.1470897793769836,1,1701073147920
1701073154649,0.2803180813789367,0.1336932778358459,1,1701073147920
1701073154684,0.2797125279903412,0.1280056238174438,1,1701073147920
1701073154717,0.2782708704471588,0.1439601182937622,1,1701073147920
1701073154749,0.2620391547679901,0.190338909626007,1,1701073147920
1701073154784,0.2677242457866668,0.189047634601593,1,1701073147920
1701073154817,0.2765968441963196,0.2094420194625854,1,1701073147920
1701073154853,0.2719167470932007,0.2149704098701477,1,1701073147920
1701073154884,0.2640046775341034,0.2050872445106506,1,1701073147920
1701073154917,0.25078946352005,0.2038456201553344,1,1701073147920
1701073154952,0.2374933809041977,0.2287795543670654,1,1701073147920
1701073154985,0.2198534905910492,0.2650277614593506,1,1701073147920
1701073155017,0.2090777605772018,0.2813812494277954,1,1701073147920
1701073155053,0.1930827647447586,0.2844511866569519,1,1701073147920
1701073155087,0.1792211085557937,0.2990151643753052,1,1701073155087
1701073155121,0.171017438173294,0.2961645722389221,1,1701073155087
1701073155155,0.154776468873024,0.2594074606895447,1,1701073155087
1701073155190,0.1560278683900833,0.2380293011665344,1,1701073155087
1701073155226,0.1620303988456726,0.2614562511444092,1,1701073155087
1701073155260,0.173573762178421,0.2870850563049316,1,1701073155087
1701073155297,0.1766836047172546,0.2772184014320373,1,1701073155087
1701073155333,0.2156221568584442,0.2816612720489502,1,1701073155087
1701073155370,0.2675773203372955,0.3320192098617553,1,1701073155087
1701073155405,0.284239798784256,0.3276470899581909,1,1701073155087
1701073155441,0.2789218425750732,0.3578283786773681,1,1701073155087
1701073155476,0.2800458967685699,0.3576844334602356,1,1701073155087
1701073155511,0.2947976589202881,0.3339244127273559,1,1701073155087
1701073155549,0.2958426177501678,0.3220487236976623,1,1701073155087
1701073155587,0.3132623732089996,0.3591142296791076,1,1701073155087
1701073155624,0.2929617762565613,0.3902586102485657,1,1701073155087
1701073155659,0.3146750628948211,0.3713012337684631,1,1701073155087
1701073155694,0.2953418493270874,0.3731586933135986,1,1701073155087
1701073155730,0.29682457447052,0.3779692649841308,1,1701073155087
1701073155765,0.3053745925426483,0.3718820810317993,1,1701073155087
1701073155801,0.3122127652168274,0.3401299715042114,1,1701073155087
1701073155836,0.321776419878006,0.3469812273979187,1,1701073155087
1701073155870,0.3290214240550995,0.366503357887268,1,1701073155087
1701073155906,0.3268863260746002,0.3615489602088928,1,1701073155087
1701073155942,0.3353289663791656,0.3278979063034057,1,1701073155087
1701073155978,0.3427841365337372,0.3273720741271972,1,1701073155087
1701073156015,0.3504915833473205,0.324619710445404,1,1701073156015
1701073156051,0.3487967252731323,0.3154340982437134,1,1701073156015
1701073156087,0.3549952507019043,0.3380013704299927,1,1701073156015
1701073156123,0.3620058894157409,0.3426960110664367,1,1701073156015
1701073156159,nan,nan,2,1701073156015
1701073156194,0.0636049434542656,0.4276853799819946,1,1701073156015
1701073156228,0.0163526311516761,0.4324114918708801,1,1701073156015
1701073156263,0.0121330833062529,0.4389683604240417,1,1701073156015
1701073156298,0.0191989000886678,0.4565901756286621,1,1701073156015
1701073156333,0.0100829349830746,0.4644716382026672,1,1701073156015
1701073156369,nan,nan,2,1701073156015
1701073156405,0.0015622292412444,0.4819632172584533,1,1701073156015
1701073156441,0.0020328706596046,0.4856523871421814,1,1701073156015
1701073156477,0.0065608862787485,0.4616609811782837,1,1701073156015
1701073156513,0.0784879177808761,0.4285052418708801,1,1701073156015
1701073156548,0.0979092717170715,0.4211100339889526,1,1701073156015
1701073156586,0.1222288757562637,0.4105854034423828,1,1701073156015
1701073156622,0.1346338093280792,0.4006259441375732,1,1701073156015
1701073156656,nan,nan,2,1701073156015
1701073156685,nan,nan,2,1701073156015
1701073156712,nan,nan,2,1701073156015
1701073156737,nan,nan,2,1701073156015
1701073156764,nan,nan,2,1701073156015
1701073156793,nan,nan,2,1701073156015
1701073156829,nan,nan,2,1701073156015
1701073156862,nan,nan,2,1701073156015
1701073156898,nan,nan,2,1701073156015
1701073156937,nan,nan,2,1701073156015
1701073156977,nan,nan,2,1701073156015
1701073157017,nan,nan,2,1701073156015
1701073157057,nan,nan,2,1701073156015
1701073157095,nan,nan,2,1701073156015
1701073157134,nan,nan,2,1701073156015
1701073157172,nan,nan,2,1701073156015
1701073157210,nan,nan,2,1701073156015
1701073157249,nan,nan,2,1701073156015
1701073157289,nan,nan,2,1701073156015
1701073157326,nan,nan,2,1701073157326
1701073157363,nan,nan,2,1701073157326
1701073157399,nan,nan,2,1701073157326
1701073157436,nan,nan,2,1701073157326
1701073157474,0.3124087182804942,0.1658682823181152,0,1701073157326
1701073157512,0.3211670697977146,0.2256880402565002,0,1701073157326
1701073157552,0.4356425801912943,0.1957647800445556,0,1701073157326
1701073157596,0.449758971730868,0.1960093379020691,0,1701073157326
1701073157634,0.4719735607504844,0.1908271312713623,0,1701073157326
1701073157673,0.4765326455235481,0.2105433940887451,0,1701073157326
1701073157714,0.4779318273067474,0.2207531929016113,0,1701073157326
1701073157752,0.481211336950461,0.222192645072937,0,1701073157326
1701073157793,0.4790464589993158,0.2304202914237976,0,1701073157326
1701073157833,0.4942836786309878,0.2123802304267883,0,1701073157326
1701073157870,0.5016226122776668,0.2020583152770996,0,1701073157326
1701073157913,0.5048745920260748,0.1964994072914123,0,1701073157326
1701073157951,0.4988646929462751,0.2033323645591735,0,1701073157326
1701073157991,0.5016787151495616,0.1937430500984192,0,1701073157326
1701073158029,0.4934658532341321,0.1982597112655639,0,1701073157326
1701073158066,0.4859936411182085,0.1988199353218078,0,1701073157326
1701073158105,0.4895389378070831,0.1941199898719787,0,1701073157326
1701073158142,0.4845058719317118,0.2049620747566223,0,1701073157326
1701073158177,0.4824119607607523,0.2039955854415893,0,1701073157326
1701073158213,0.4766987562179565,0.2029345035552978,0,1701073157326
1701073158248,0.4683468167980512,0.2089788317680359,0,1701073157326
1701073158283,0.4661971256136894,0.2093353867530822,0,1701073157326
1701073158321,0.4722853675484657,0.1973796486854553,0,1701073157326
1701073158357,0.4774580200513204,0.1906002759933471,0,1701073157326
1701073158392,0.4788958455125491,0.1893459558486938,0,1701073157326
1701073158429,0.4716263264417648,0.1882333159446716,0,1701073157326
1701073158465,0.4701260278622309,0.1822806596755981,0,1701073157326
1701073158500,0.4747672180334727,0.1793686747550964,0,1701073157326
1701073158538,0.4681717529892921,0.1800695657730102,0,1701073157326
1701073158576,0.3777259203294913,0.139352262020111,0,1701073157326
1701073158615,0.3567551312347253,0.1022474765777587,0,1701073157326
1701073158651,0.4191669623057047,0.0774386525154113,0,1701073157326
1701073158686,0.4641622975468635,0.1864981055259704,0,1701073157326
1701073158724,0.4615979691346487,0.195779263973236,0,1701073157326
1701073158766,0.5271189212799072,0.1442277431488037,0,1701073157326
1701073158807,0.5474904974301656,0.0552214980125428,0,1701073157326
1701073158848,nan,nan,2,1701073157326
1701073158890,0.4629866083463033,0.1712838411331176,0,1701073157326
1701073158927,nan,nan,2,1701073157326
1701073158966,0.4646928782264392,0.1675967574119568,0,1701073157326
1701073159004,0.4667473882436752,0.1749417781829834,0,1701073157326
1701073159042,nan,nan,2,1701073157326
1701073159082,0.4680556977788607,0.1706438660621643,0,1701073157326
1701073159124,0.4680583054820696,0.1954244971275329,0,1701073157326
1701073159164,0.4684802939494451,0.1932959556579589,0,1701073157326
1701073159203,0.4744149670004844,0.2013298869132995,0,1701073157326
1701073159241,0.4791823700070381,0.2117880582809448,0,1701073157326
1701073159280,0.4798900137344996,0.2108839154243469,0,1701073157326
1701073159320,0.4811639140049616,0.212173581123352,0,1701073157326
1701073159359,0.4817566946148872,0.2102805972099304,0,1701073157326
1701073159397,0.4865700056155523,0.2160688042640686,0,1701073157326
1701073159437,0.4886376410722732,0.2247244715690612,0,1701073157326
1701073159477,nan,nan,2,1701073157326
1701073159519,nan,nan,2,1701073157326
1701073159561,nan,nan,2,1701073157326
1701073159601,nan,nan,2,1701073157326
1701073159642,nan,nan,2,1701073157326
1701073159681,nan,nan,2,1701073157326
1701073159721,nan,nan,2,1701073157326
1701073159763,nan,nan,2,1701073157326
1701073159801,0.4927818278471629,0.2336553335189819,0,1701073157326
1701073159840,nan,nan,2,1701073157326
1701073159878,nan,nan,2,1701073157326
1701073159917,nan,nan,2,1701073157326
1701073159953,nan,nan,2,1701073157326
1701073159988,nan,nan,2,1701073157326
1701073160021,nan,nan,2,1701073157326
1701073160057,nan,nan,2,1701073157326
1701073160091,nan,nan,2,1701073157326
1701073160127,nan,nan,2,1701073157326
1701073160163,nan,nan,2,1701073157326
1701073160197,0.4722904587785403,0.2555545568466186,0,1701073157326
1701073160233,0.4661861856778463,0.2531130909919739,0,1701073157326
1701073160267,0.4573045844833056,0.2522547841072082,0,1701073157326
1701073160301,nan,nan,2,1701073157326
1701073160334,nan,nan,2,1701073157326
1701073160370,nan,nan,2,1701073160370
1701073160402,nan,nan,2,1701073160370
1701073160433,nan,nan,2,1701073160370
1701073160464,nan,nan,2,1701073160370
1701073160493,nan,nan,2,1701073160370
1701073160524,nan,nan,2,1701073160370
1701073160555,nan,nan,2,1701073160370
1701073160587,nan,nan,2,1701073160370
1701073160617,nan,nan,2,1701073160370
1701073160649,nan,nan,2,1701073160370
1701073160682,nan,nan,2,1701073160370
1701073160717,nan,nan,2,1701073160370
1701073160752,0.2967782318592071,0.7663233727216721,1,1701073160370
1701073160787,0.3423487544059753,0.0558658242225648,1,1701073160370
1701073160822,0.2866298854351043,0.2691819667816162,1,1701073160370
1701073160856,0.2766662240028381,0.3068452477455139,1,1701073160370
1701073160892,0.2523892223834991,0.3034663200378418,1,1701073160370
1701073160927,0.2376577407121658,0.2955846190452575,1,1701073160927
1701073160963,0.2348696142435073,0.2909544110298157,1,1701073160927
1701073160999,0.2236387282609939,0.2875890135765075,1,1701073160927
1701073161034,0.2191043049097061,0.3277962803840637,1,1701073160927
1701073161069,0.2442360073328018,0.3637913465499878,1,1701073160927
1701073161105,0.248599424958229,0.4532153010368347,1,1701073160927
1701073161143,0.2364478707313537,0.4812471866607666,1,1701073160927
1701073161181,0.22785384953022,0.495791494846344,1,1701073160927
1701073161219,0.2272214293479919,0.4962225556373596,1,1701073160927
1701073161256,0.228620633482933,0.4943709373474121,1,1701073160927
1701073161294,0.2512635290622711,0.5518983006477356,1,1701073160927
1701073161331,0.2699772715568542,0.5656269788742065,1,1701073160927
1701073161370,0.2874329388141632,0.5454933047294617,1,1701073160927
1701073161406,0.3413320183753967,0.5397849678993225,1,1701073160927
1701073161444,0.5080678462982178,0.6026143133640289,1,1701073160927
1701073161482,0.6087538599967957,0.6556991636753082,1,1701073160927
1701073161518,0.6704851984977722,0.7300504446029663,1,1701073160927
1701073161555,0.6874216198921204,0.7477300465106964,1,1701073160927
1701073161591,0.6756432056427002,0.727188915014267,1,1701073160927
1701073161628,0.6568208932876587,0.7015274167060852,1,1701073160927
1701073161664,0.6213656663894653,0.7364606857299805,1,1701073160927
1701073161702,0.632051944732666,0.7553243041038514,1,1701073160927
1701073161739,nan,nan,2,1701073160927
1701073161770,nan,nan,2,1701073160927
1701073161798,nan,nan,2,1701073160927
1701073161826,nan,nan,2,1701073160927
1701073161854,nan,nan,2,1701073160927
1701073161889,nan,nan,2,1701073160927
1701073161921,nan,nan,2,1701073160927
1701073161957,nan,nan,2,1701073160927
1701073161989,nan,nan,2,1701073160927
1701073162021,nan,nan,2,1701073160927
1701073162057,nan,nan,2,1701073160927
1701073162089,nan,nan,2,1701073160927
1701073162121,0.5580785920222601,0.2869275212287903,0,1701073160927
1701073162157,0.3028373710500697,0.5819678604602814,0,1701073160927
1701073162193,0.5027073919773102,0.3721482157707214,0,1701073160927
1701073162229,nan,nan,2,1701073160927
1701073162266,nan,nan,2,1701073160927
1701073162301,nan,nan,2,1701073160927
1701073162339,nan,nan,2,1701073160927
1701073162377,nan,nan,2,1701073160927
1701073162415,nan,nan,2,1701073160927
1701073162451,nan,nan,2,1701073160927
1701073162488,0.6935012390216192,0.1687247157096862,0,1701073160927
1701073162521,nan,nan,2,1701073160927
1701073162558,nan,nan,2,1701073160927
1701073162593,nan,nan,2,1701073160927
1701073162628,nan,nan,2,1701073160927
1701073162662,nan,nan,2,1701073160927
1701073162699,nan,nan,2,1701073160927
1701073162734,nan,nan,2,1701073160927
1701073162769,nan,nan,2,1701073162769
1701073162803,nan,nan,2,1701073162769
1701073162837,nan,nan,2,1701073162769
1701073162872,nan,nan,2,1701073162769
1701073162908,nan,nan,2,1701073162769
1701073162944,nan,nan,2,1701073162769
1701073162981,nan,nan,2,1701073162769
1701073163017,nan,nan,2,1701073162769
1701073163053,nan,nan,2,1701073162769
1701073163086,nan,nan,2,1701073162769
1701073163118,nan,nan,2,1701073162769
1701073163150,nan,nan,2,1701073162769
1701073163182,nan,nan,2,1701073162769
1701073163216,nan,nan,2,1701073162769
1701073163249,nan,nan,2,1701073162769
1701073163282,nan,nan,2,1701073162769
1701073163314,0.6825382312138875,0.2621981501579284,0,1701073162769
1701073163347,0.3584963505466779,0.7270874381065369,0,1701073162769
1701073163381,nan,nan,2,1701073162769
1701073163415,nan,nan,2,1701073162769
1701073163445,nan,nan,2,1701073162769
1701073163473,nan,nan,2,1701073162769
1701073163496,nan,nan,2,1701073162769
1701073163528,nan,nan,2,1701073162769
1701073163565,nan,nan,2,1701073162769
1701073163597,nan,nan,2,1701073162769
1701073163629,nan,nan,2,1701073162769
1701073163665,nan,nan,2,1701073162769
1701073163696,nan,nan,2,1701073162769
1701073163733,nan,nan,2,1701073162769
1701073163765,nan,nan,2,1701073162769
1701073163797,0.1531436443328857,0.2510100603103637,1,1701073162769
1701073163833,0.2293653190135955,0.2201986908912658,1,1701073162769
1701073163865,0.2741720974445343,0.2103322744369506,1,1701073162769
1701073163898,0.2860816121101379,0.3829482197761535,1,1701073162769
1701073163933,0.3117967545986175,0.4348454475402832,1,1701073162769
1701073163967,0.3140500485897064,0.4561258554458618,1,1701073162769
1701073164002,0.2747164368629455,0.5103266835212708,1,1701073162769
1701073164037,0.2692730128765106,0.532216340303421,1,1701073162769
1701073164072,0.2859674394130707,0.5318617224693298,1,1701073162769
1701073164107,0.296445220708847,0.5093186497688293,1,1701073162769
1701073164143,0.3277379274368286,0.4774189591407776,1,1701073162769
1701073164180,0.3189137279987335,0.4747529029846191,1,1701073162769
1701073164215,0.3090628683567047,0.4107831716537475,1,1701073162769
1701073164249,0.3087383210659027,0.3699774146080017,1,1701073162769
1701073164284,0.3145615756511688,0.3116965889930725,1,1701073162769
1701073164319,0.2980583310127258,0.3070706129074096,1,1701073162769
1701073164354,0.2669317424297333,0.3189243674278259,1,1701073162769
1701073164389,0.2553215622901916,0.3579654693603515,1,1701073162769
1701073164423,0.2131056934595108,0.384375512599945,1,1701073162769
1701073164458,0.193554475903511,0.4129291772842407,1,1701073162769
1701073164493,0.182026207447052,0.3667654991149902,1,1701073162769
1701073164526,0.1916050016880035,0.301284909248352,1,1701073162769
1701073164561,0.1860315054655075,0.2639166116714477,1,1701073162769
1701073164599,0.1779317110776901,0.2952330708503723,1,1701073162769
1701073164635,0.1591570973396301,0.3633837103843689,1,1701073162769
1701073164669,nan,nan,2,1701073162769
1701073164704,nan,nan,2,1701073162769
1701073164737,nan,nan,2,1701073162769
1701073164769,nan,nan,2,1701073162769
1701073164805,nan,nan,2,1701073162769
1701073164837,nan,nan,2,1701073162769
1701073164869,nan,nan,2,1701073162769
1701073164904,nan,nan,2,1701073162769
1701073164936,nan,nan,2,1701073162769
1701073164972,nan,nan,2,1701073162769
1701073165005,nan,nan,2,1701073162769
1701073165037,0.1382397189736366,0.131754994392395,0,1701073162769
1701073165073,0.3915057256817817,0.3177908062934875,0,1701073162769
1701073165109,0.4678388237953186,0.5008512437343597,0,1701073162769
1701073165145,0.4587970723708471,0.4901580214500427,0,1701073162769
1701073165181,0.4792388578255971,0.4695991277694702,0,1701073162769
1701073165217,0.4878291164835294,0.4628849625587463,0,1701073162769
1701073165253,0.5029277056455612,0.4659969806671142,0,1701073162769
1701073165289,0.5144627938667934,0.4454652667045593,0,1701073162769
1701073165325,0.514365017414093,0.4396426677703857,0,1701073162769
1701073165364,0.5165574252605438,0.4357128739356994,0,1701073162769
1701073165399,0.5154607991377513,0.4379913210868835,0,1701073162769
1701073165433,0.5040115912755331,0.4428757429122925,0,1701073162769
1701073165468,0.4961436664064725,0.4461268186569214,0,1701073162769
1701073165503,0.4926407759388288,0.452532947063446,0,1701073162769
1701073165540,0.5033205995957057,0.4506310820579529,0,1701073162769
1701073165575,0.5129368901252747,0.4464350938796997,0,1701073162769
1701073165610,0.5210859378178915,0.4483732581138611,0,1701073162769
1701073165644,0.5209699322779974,0.4613534212112427,0,1701073162769
1701073165679,0.5203070044517517,0.4658496379852295,0,1701073162769
1701073165714,0.5156988203525543,0.4687116146087646,0,1701073162769
1701073165748,0.5218155483404796,0.4575729370117187,0,1701073162769
1701073165782,0.5201936562856039,0.449100136756897,0,1701073162769
1701073165816,0.5026914228995641,0.4353531002998352,0,1701073162769
1701073165849,0.4805683518449465,0.4728298783302307,0,1701073162769
1701073165883,nan,nan,2,1701073162769
1701073165914,nan,nan,2,1701073162769
1701073165941,nan,nan,2,1701073162769
1701073165977,nan,nan,2,1701073162769
1701073166009,nan,nan,2,1701073162769
1701073166045,nan,nan,2,1701073162769
1701073166077,nan,nan,2,1701073162769
1701073166109,nan,nan,2,1701073162769
1701073166144,0.0405043996870517,0.6845607459545135,1,1701073162769
1701073166178,0.2407590746879577,0.5860790014266968,1,1701073162769
1701073166213,0.2502188086509704,0.6390895545482635,1,1701073162769
1701073166246,0.2793300747871399,0.6281778812408447,1,1701073162769
1701073166281,0.3069668114185333,0.605317234992981,1,1701073162769
1701073166315,0.315811276435852,0.5730957686901093,1,1701073162769
1701073166349,0.311047226190567,0.5576474368572235,1,1701073162769
1701073166383,0.2956532537937164,0.5755906701087952,1,1701073162769
1701073166416,0.2426115572452545,0.5522493124008179,1,1701073162769
1701073166451,0.2272084206342697,0.5610848367214203,1,1701073162769
1701073166485,0.2311338633298874,0.5605685114860535,1,1701073162769
1701073166519,0.2291633039712906,0.5821840167045593,1,1701073162769
1701073166553,0.2331310808658599,0.5783756971359253,1,1701073162769
1701073166589,0.2299582511186599,0.5649607479572296,1,1701073162769
1701073166624,0.2227273285388946,0.57088702917099,1,1701073162769
1701073166659,0.2268964350223541,0.577723354101181,1,1701073162769
1701073166693,0.2346149384975433,0.5910122990608215,1,1701073162769
1701073166726,0.2518362700939178,0.6059152781963348,1,1701073162769
1701073166759,nan,nan,2,1701073162769
1701073166790,nan,nan,2,1701073162769
1701073166816,nan,nan,2,1701073162769
1701073166849,nan,nan,2,1701073162769
1701073166881,nan,nan,2,1701073162769
1701073166912,nan,nan,2,1701073162769
1701073166956,nan,nan,2,1701073162769
1701073166984,nan,nan,2,1701073162769
1701073167017,nan,nan,2,1701073162769
1701073167051,0.3180433145413796,0.3052961826324463,0,1701073162769
1701073167087,nan,nan,2,1701073162769
1701073167125,nan,nan,2,1701073162769
1701073167166,nan,nan,2,1701073162769
1701073167203,nan,nan,2,1701073162769
1701073167238,0.0497597927848497,0.5240202844142914,0,1701073162769
1701073167273,nan,nan,2,1701073162769
1701073167311,0.1444356044133504,0.2988446950912475,0,1701073162769
1701073167348,0.1587907324234644,0.3419358134269714,0,1701073162769
1701073167385,nan,nan,2,1701073162769
1701073167420,0.1385819104810555,0.3144399523735046,0,1701073162769
1701073167457,0.3145731864497065,0.0113970041275024,0,1701073162769
1701073167493,0.0313491908212502,0.2546449303627014,0,1701073162769
1701073167526,0.3652035867174466,0.0921626687049865,0,1701073162769
1701073167562,nan,nan,2,1701073162769
1701073167592,nan,nan,2,1701073162769
1701073167621,nan,nan,2,1701073162769
1701073167653,nan,nan,2,1701073162769
1701073167684,nan,nan,2,1701073162769
1701073167720,nan,nan,2,1701073162769
1701073167752,nan,nan,2,1701073162769
1701073167785,nan,nan,2,1701073167785
1701073167821,nan,nan,2,1701073167785
1701073167853,nan,nan,2,1701073167785
1701073167884,nan,nan,2,1701073167785
1701073167920,0.0211128890514373,0.1375173330307006,1,1701073167785
1701073167956,0.0324733108282089,0.3020321726799011,1,1701073167785
1701073167993,0.1034303829073906,0.3406180739402771,1,1701073167785
1701073168029,0.1800075471401214,0.3347527384757995,1,1701073167785
1701073168068,0.3115211725234985,0.4021568894386291,1,1701073167785
1701073168105,0.3817226886749267,0.411862313747406,1,1701073167785
1701073168142,0.4093259274959564,0.4547460079193115,1,1701073167785
1701073168180,0.4259814321994781,0.4324860572814941,1,1701073167785
1701073168218,0.4362233579158783,0.4215996861457824,1,1701073167785
1701073168253,0.4320846199989319,0.4146900773048401,1,1701073167785
1701073168289,0.4353511333465576,0.4315395355224609,1,1701073167785
1701073168326,0.4366102516651153,0.4382908344268799,1,1701073167785
1701073168365,0.4235712587833404,0.4458635449409485,1,1701073168365
1701073168402,0.430496335029602,0.4829990267753601,1,1701073168365
1701073168436,nan,nan,2,1701073168365
1701073168466,nan,nan,2,1701073168365
1701073168491,nan,nan,2,1701073168365
1701073168525,nan,nan,2,1701073168365
1701073168557,nan,nan,2,1701073168365
1701073168589,nan,nan,2,1701073168365
1701073168625,nan,nan,2,1701073168365
1701073168659,nan,nan,2,1701073168365
1701073168689,nan,nan,2,1701073168365
1701073168725,nan,nan,2,1701073168365
1701073168757,nan,nan,2,1701073168365
1701073168793,0.8609477207064629,0.7916870713233948,0,1701073168365
1701073168825,0.8923078378041586,0.8911110684275628,0,1701073168365
1701073168857,0.9174601957201958,0.7862439602613449,0,1701073168365
1701073168892,0.9039361774921416,0.7659231871366501,0,1701073168365
1701073168925,0.905335436264674,0.7761747688055038,0,1701073168365
1701073168958,0.9031817515691122,0.7738306969404221,0,1701073168365
1701073168993,0.8970178887248039,0.776718869805336,0,1701073168365
1701073169025,nan,nan,2,1701073168365
1701073169061,nan,nan,2,1701073168365
1701073169092,nan,nan,2,1701073168365
1701073169125,nan,nan,2,1701073168365
1701073169160,nan,nan,2,1701073168365
1701073169193,nan,nan,2,1701073168365
1701073169225,nan,nan,2,1701073168365
1701073169261,nan,nan,2,1701073168365
1701073169292,nan,nan,2,1701073168365
1701073169328,0.3133440017700195,0.7241955995559692,1,1701073168365
1701073169365,0.3322878777980804,0.3078355193138122,1,1701073168365
1701073169402,0.4612776041030884,0.3152498602867126,1,1701073168365
1701073169441,0.5616773962974548,0.3284198045730591,1,1701073168365
1701073169477,0.5890945792198181,0.2482061982154846,1,1701073168365
1701073169514,0.6907928586006165,0.2641173601150512,1,1701073168365
1701073169550,0.7241759896278381,0.2787779569625854,1,1701073168365
1701073169587,0.7196747660636902,0.2781063914299011,1,1701073168365
1701073169623,0.7015798091888428,0.2257721424102783,1,1701073168365
1701073169659,0.6822782754898071,0.22076016664505,1,1701073168365
1701073169696,0.6988968849182129,0.1513900756835937,1,1701073168365
1701073169731,0.6967474222183228,0.1940386891365051,1,1701073168365
1701073169766,0.6970275640487671,0.1789261698722839,1,1701073168365
1701073169801,0.6513708233833313,0.1062440276145935,1,1701073168365
1701073169835,0.6270074248313904,0.0369231104850767,1,1701073168365
1701073169869,0.6734937429428101,0.1334608197212219,1,1701073168365
1701073169904,0.6701817512512207,0.0926970243453979,1,1701073168365
1701073169938,0.7719144821166992,0.0934218168258668,1,1701073168365
1701073169970,nan,nan,2,1701073168365
1701073170000,nan,nan,2,1701073170000
1701073170033,0.2322686637441317,0.2601408958435058,0,1701073170000
1701073170066,0.4449053530891736,0.2490798830986023,0,1701073170000
1701073170101,nan,nan,2,1701073170000
1701073170135,nan,nan,2,1701073170000
1701073170169,0.5357749809821447,0.2728826403617859,0,1701073170000
1701073170202,0.5278486808141073,0.2870215177536011,0,1701073170000
1701073170236,0.5146366904179256,0.3003802299499511,0,1701073170000
1701073170270,0.5050720075766246,0.3184084296226501,0,1701073170000
1701073170303,0.5050560136636099,0.3202459216117859,0,1701073170000
1701073170336,0.5100636978944143,0.3142187595367431,0,1701073170000
1701073170370,0.5115870187679927,0.3267714381217956,0,1701073170000
1701073170402,0.5066028038660686,0.3460724353790283,0,1701073170000
1701073170434,0.4795078610380491,0.1867817640304565,0,1701073170000
1701073170465,0.5296493868033092,0.4362412095069885,0,1701073170000
1701073170501,0.5317053000132244,0.50946244597435,0,1701073170000
1701073170533,0.5522665182749431,0.5178081393241882,0,1701073170000
1701073170569,0.5410356620947521,0.4995257258415222,0,1701073170000
1701073170603,0.5300495078166326,0.5035999715328217,0,1701073170000
1701073170640,0.5313871850570043,0.5038352012634277,0,1701073170000
1701073170681,0.5339123358329138,0.491954505443573,0,1701073170000
1701073170720,0.5346630811691284,0.4851472973823547,0,1701073170000
1701073170760,0.5347537298997244,0.5071532130241394,0,1701073170000
1701073170799,0.534159595767657,0.5164414346218109,0,1701073170000
1701073170839,0.5307234128316244,0.5041054785251617,0,1701073170000
1701073170878,0.5322092076142629,0.5081879794597626,0,1701073170000
1701073170914,0.536364421248436,0.4900093078613281,0,1701073170000
1701073170952,0.5354238599538803,0.4893166422843933,0,1701073170000
1701073170990,0.5393036256233852,0.4892216920852661,0,1701073170000
1701073171028,0.5524419049421947,0.4868122935295105,0,1701073170000
1701073171064,0.5556705892086029,0.486763060092926,0,1701073170000
1701073171101,0.5455775608619055,0.5207207202911377,0,1701073170000
1701073171137,0.5496709843476614,0.5143573880195618,0,1701073170000
1701073171174,0.5496624658505123,0.5202199518680573,0,1701073170000
1701073171212,0.5470252335071564,0.5247684419155121,0,1701073170000
1701073171247,0.56179744998614,0.4905516505241394,0,1701073170000
1701073171284,0.5493970016638439,0.5197952091693878,0,1701073170000
1701073171320,0.551825021704038,0.5181815028190613,0,1701073170000
1701073171357,0.5531004369258881,0.5183742046356201,0,1701073170000
1701073171395,0.5466188043355942,0.5238325893878937,0,1701073170000
1701073171432,0.5476327041784923,0.525139182806015,0,1701073170000
1701073171469,0.5498969604571661,0.5247654616832733,0,1701073170000
1701073171506,0.5497446954250336,0.5280254483222961,0,1701073170000
1701073171540,0.5519095609585445,0.5197731554508209,0,1701073170000
1701073171579,0.5779101252555847,0.4879111051559448,0,1701073170000
1701073171614,0.5576343387365341,0.5163135528564453,0,1701073170000
1701073171649,0.5585583597421646,0.5149637162685394,0,1701073170000
1701073171685,0.5806173433860143,0.4887719750404358,0,1701073170000
1701073171720,0.5751374661922455,0.4953970909118652,0,1701073170000
1701073171755,0.5736662000417709,0.4996187686920166,0,1701073170000
1701073171790,0.5734790662924449,0.5032380223274231,0,1701073170000
1701073171826,0.5737003237009048,0.5008334815502167,0,1701073170000
1701073171862,0.5721635917822521,0.4970207810401916,0,1701073170000
1701073171898,0.5702810287475586,0.4958820343017578,0,1701073170000
1701073171934,0.5701534748077393,0.4971941113471985,0,1701073170000
1701073171969,0.5704024235407512,0.4936277270317077,0,1701073170000
1701073172007,0.5707196444272995,0.489409863948822,0,1701073170000
1701073172043,0.5581527252991995,0.5083284974098206,0,1701073170000
1701073172078,0.5723944356044134,0.491366446018219,0,1701073170000
1701073172113,0.5618629157543182,0.5094841420650482,0,1701073170000
1701073172149,0.5747551769018173,0.4925044775009155,0,1701073170000
1701073172184,0.5744434942801794,0.4884378910064697,0,1701073170000
1701073172220,0.5714955727259319,0.4914252758026123,0,1701073170000
1701073172255,0.5717808802922567,0.4935005903244018,0,1701073170000
1701073172289,0.5709241628646851,0.4986828565597534,0,1701073170000
1701073172326,0.5693922986586889,0.4964327216148376,0,1701073170000
1701073172363,0.5677597771088283,0.4981674551963806,0,1701073170000
1701073172399,0.5674584011236827,0.5042254328727722,0,1701073170000
1701073172435,0.5678595155477524,0.5046100616455078,0,1701073170000
1701073172473,0.5689279784758886,0.5047720372676849,0,1701073170000
1701073172509,0.5686062375704448,0.5056782066822052,0,1701073170000
1701073172543,0.5567695498466492,0.5176185667514801,0,1701073170000
1701073172579,0.563979725042979,0.511934757232666,0,1701073170000
1701073172615,0.5532914946476619,0.5251031816005707,0,1701073170000
1701073172649,0.575720896323522,0.5173254609107971,0,1701073170000
1701073172683,0.5564745316902797,0.5219971835613251,0,1701073170000
1701073172718,0.5584449867407482,0.5199218094348907,0,1701073170000
1701073172753,0.5575025379657745,0.5178371667861938,0,1701073170000
1701073172787,0.5772631665070852,0.5143558382987976,0,1701073170000
1701073172822,0.5529889762401581,0.5179862082004547,0,1701073170000
1701073172856,0.5645578404267629,0.5104111731052399,0,1701073170000
1701073172889,0.5649308661619823,0.5105719268321991,0,1701073170000
1701073172921,0.5457198917865753,0.5114192068576813,0,1701073170000
1701073172955,0.5709768136342367,0.5109782516956329,0,1701073170000
1701073172988,0.5753881285587947,0.5095024108886719,0,1701073170000
1701073173022,0.5753490378459295,0.498744785785675,0,1701073170000
1701073173055,0.5769189496835073,0.4848722219467163,0,1701073170000
1701073173089,0.5778382023175558,0.462554395198822,0,1701073170000
1701073173122,0.5759202986955643,0.4600736498832702,0,1701073170000
1701073173154,0.5747405489285787,0.4503412246704101,0,1701073170000
1701073173187,0.576797679066658,0.444587767124176,0,1701073173187
1701073173219,0.5594473133484523,0.4376704692840576,0,1701073173187
1701073173253,0.5784017890691757,0.4282746911048889,0,1701073173187
1701073173287,0.5637565304835638,0.3477280735969543,0,1701073173187
1701073173321,0.5634144991636276,0.2979344725608825,0,1701073173187
1701073173357,0.5351411352554958,0.2242064476013183,0,1701073173187
1701073173392,0.5646387537320455,0.2432741522789001,0,1701073173187
1701073173427,0.5606148938337963,0.2546300292015075,0,1701073173187
1701073173464,0.520577038327853,0.2137346267700195,0,1701073173187
1701073173497,0.5079044699668884,0.2135556936264038,0,1701073173187
1701073173531,nan,nan,2,1701073173187
1701073173562,nan,nan,2,1701073173187
1701073173591,nan,nan,2,1701073173187
1701073173625,nan,nan,2,1701073173187
1701073173661,nan,nan,2,1701073173187
1701073173698,nan,nan,2,1701073173187
1701073173730,nan,nan,2,1701073173187
1701073173765,nan,nan,2,1701073173187
1701073173796,nan,nan,2,1701073173187
1701073173830,nan,nan,2,1701073173187
1701073173868,nan,nan,2,1701073173187
1701073173911,0.3888283371925354,0.0131211280822753,1,1701073173187
1701073173950,0.4021919369697571,0.0744343996047973,1,1701073173187
1701073173990,0.4181797504425049,0.1079140305519104,1,1701073173187
1701073174031,0.4545556306838989,0.1554632186889648,1,1701073173187
1701073174072,0.4661615788936615,0.2032117843627929,1,1701073173187
1701073174109,0.4473032057285309,0.2669343948364258,1,1701073173187
1701073174149,0.4275124967098236,0.2492252588272094,1,1701073173187
1701073174188,0.4364241361618042,0.2556166648864746,1,1701073173187
1701073174227,0.4128546118736267,0.2918099761009216,1,1701073174227
1701073174267,0.4243200421333313,0.2709744572639465,1,1701073174227
1701073174307,0.4261762499809265,0.282082736492157,1,1701073174227
1701073174345,0.3991402983665466,0.2703050374984741,1,1701073174227
1701073174385,0.3985798358917236,0.2930628657341003,1,1701073174227
1701073174419,0.5894532799720764,0.3692904710769653,1,1701073174227
1701073174453,nan,nan,2,1701073174227
1701073174489,nan,nan,2,1701073174227
1701073174520,nan,nan,2,1701073174227
1701073174557,nan,nan,2,1701073174227
1701073174589,nan,nan,2,1701073174227
1701073174621,nan,nan,2,1701073174227
1701073174657,nan,nan,2,1701073174227
1701073174689,nan,nan,2,1701073174227
1701073174720,nan,nan,2,1701073174227
1701073174757,nan,nan,2,1701073174227
1701073174789,nan,nan,2,1701073174227
1701073174825,nan,nan,2,1701073174227
1701073174857,nan,nan,2,1701073174227
1701073174889,0.8671804269154867,0.613559901714325,0,1701073174227
1701073174925,0.9295585826039314,0.7479830980300903,0,1701073174227
1701073174957,nan,nan,2,1701073174227
1701073174989,nan,nan,2,1701073174227
1701073175025,nan,nan,2,1701073174227
1701073175057,nan,nan,2,1701073174227
1701073175092,nan,nan,2,1701073174227
1701073175125,nan,nan,2,1701073174227
1701073175157,nan,nan,2,1701073174227
1701073175193,nan,nan,2,1701073174227
1701073175225,nan,nan,2,1701073174227
1701073175257,nan,nan,2,1701073174227
1701073175292,nan,nan,2,1701073174227
1701073175325,nan,nan,2,1701073174227
1701073175360,0.998774309953054,0.8332706987857819,0,1701073175360
1701073175393,0.9916325931747756,0.8317712843418121,0,1701073175360
1701073175425,0.9912312850356102,0.828882023692131,0,1701073175360
1701073175461,0.9884183208147684,0.8280744105577469,0,1701073175360
1701073175494,0.9929805845022202,0.8302290290594101,0,1701073175360
1701073175527,0.9940075849493346,0.8315379023551941,0,1701073175360
1701073175560,0.9950468763709068,0.828197866678238,0,1701073175360
1701073175593,0.9946407700578372,0.8238402754068375,0,1701073175360
1701073175629,0.9986008455355962,0.8192785680294037,0,1701073175360
1701073175661,nan,nan,2,1701073175360
1701073175692,nan,nan,2,1701073175360
1701073175728,nan,nan,2,1701073175360
1701073175761,0.9850397631525992,0.8220256567001343,0,1701073175360
1701073175796,0.98118594288826,0.8273169249296188,0,1701073175360
1701073175829,0.9813563997546833,0.8259426206350327,0,1701073175360
1701073175861,0.981535462041696,0.8294978588819504,0,1701073175360
1701073175896,0.9814560835560164,0.8273528218269349,0,1701073175360
1701073175929,0.9807570104797682,0.8224309533834457,0,1701073175360
1701073175961,0.9801938682794572,0.8206525146961213,0,1701073175360
1701073175997,0.9781781310836476,0.8204095214605331,0,1701073175360
1701073176029,0.978950654466947,0.8171392530202866,0,1701073175360
1701073176065,0.9801761011282604,0.8128938376903534,0,1701073175360
1701073176098,0.9831300203998884,0.8133868426084518,0,1701073175360
1701073176130,0.9837195699413618,0.8150171190500259,0,1701073175360
1701073176164,0.9831063772241276,0.8166297376155854,0,1701073175360
1701073176197,0.9846514935294788,0.8184669762849808,0,1701073175360
1701073176229,0.9830687567591668,0.8191753327846527,0,1701073175360
1701073176265,0.977123888830344,0.8122325837612152,0,1701073175360
1701073176297,0.9681596135099728,0.8007918596267701,0,1701073175360
1701073176333,0.957741230726242,0.7929859608411789,0,1701073175360
1701073176365,0.9475088119506836,0.7818574756383896,0,1701073175360
1701073176397,0.9303305844465892,0.7627309560775757,0,1701073175360
1701073176433,nan,nan,2,1701073175360
1701073176465,nan,nan,2,1701073175360
1701073176496,nan,nan,2,1701073175360
1701073176533,nan,nan,2,1701073175360
1701073176565,nan,nan,2,1701073175360
1701073176600,nan,nan,2,1701073175360
1701073176633,0.3034208873286843,0.296155035495758,0,1701073175360
1701073176665,0.368797870973746,0.3730378746986389,0,1701073175360
1701073176701,0.4019857247670491,0.3949354290962219,0,1701073175360
1701073176734,0.4440328901012739,0.3955254554748535,0,1701073175360
1701073176769,0.4905565505226453,0.5123080909252167,0,1701073175360
1701073176807,0.5060275693734487,0.5484427809715271,0,1701073175360
1701073176846,0.4982346966862678,0.5836415588855743,0,1701073175360
1701073176885,0.5027168542146683,0.5836636424064636,0,1701073175360
1701073176924,0.5117960572242737,0.5700981616973877,0,1701073175360
1701073176964,0.5136292477448782,0.5692977011203766,0,1701073175360
1701073177003,0.5235792001088461,0.564395010471344,0,1701073175360
1701073177041,0.5174576540788015,0.5817168056964874,0,1701073175360
1701073177079,0.5241367022196453,0.5943105220794678,0,1701073175360
1701073177116,0.5260990113019943,0.5920125544071198,0,1701073175360
1701073177153,0.5240131467580795,0.5949885547161102,0,1701073175360
1701073177189,0.5229482104380926,0.5945501923561096,0,1701073175360
1701073177225,0.5218977530797323,0.5968632996082306,0,1701073175360
1701073177262,0.5243545571962993,0.5967207849025726,0,1701073175360
1701073177297,0.5303995360930761,0.5968125462532043,0,1701073175360
1701073177334,0.5431241343418758,0.5946215987205505,0,1701073175360
1701073177371,0.5492197026809057,0.5873469412326813,0,1701073175360
1701073177408,0.546980232000351,0.5841822922229767,0,1701073175360
1701073177444,0.5440191477537155,0.5813265740871429,0,1701073175360
1701073177479,0.549062396089236,0.5775600373744965,0,1701073175360
1701073177514,0.55337988336881,0.5761054158210754,0,1701073175360
1701073177549,0.5508939226468405,0.5826767086982727,0,1701073175360
1701073177586,0.5514161338408788,0.5767022371292114,0,1701073175360
1701073177620,0.5481403867403667,0.5733743906021118,0,1701073175360
1701073177657,0.5418431560198467,0.569281280040741,0,1701073175360
1701073177691,0.5305326779683431,0.5676952004432678,0,1701073175360
1701073177725,nan,nan,2,1701073175360
1701073177758,nan,nan,2,1701073175360
1701073177788,nan,nan,2,1701073175360
1701073177816,nan,nan,2,1701073175360
1701073177842,nan,nan,2,1701073175360
1701073177873,nan,nan,2,1701073175360
1701073177905,nan,nan,2,1701073175360
1701073177941,0.2914082407951355,0.6561049520969391,1,1701073175360
1701073177976,0.3173682689666748,0.4362441301345825,1,1701073175360
1701073178014,0.3647397756576538,0.4834340214729309,1,1701073175360
1701073178052,0.3712283372879028,0.5186839997768402,1,1701073175360
1701073178090,0.3181736469268799,0.4973894357681274,1,1701073175360
1701073178128,0.3137673139572143,0.4886308908462524,1,1701073175360
1701073178165,0.3221535682678222,0.5047294795513153,1,1701073175360
1701073178202,0.3141692578792572,0.5112080872058868,1,1701073175360
1701073178241,0.3441948890686035,0.6100915372371674,1,1701073175360
1701073178274,nan,nan,2,1701073175360
1701073178309,nan,nan,2,1701073175360
1701073178341,nan,nan,2,1701073175360
1701073178377,nan,nan,2,1701073175360
1701073178409,nan,nan,2,1701073175360
1701073178441,nan,nan,2,1701073175360
1701073178477,0.3155324424927433,0.5517059564590454,0,1701073175360
1701073178509,0.5313561409711838,0.5456153452396393,0,1701073175360
1701073178541,0.5902625173330307,0.5942287743091583,0,1701073175360
1701073178577,0.5887928158044815,0.5990372002124786,0,1701073175360
1701073178610,0.5695983320474625,0.5951229631900787,0,1701073175360
1701073178645,0.5663375357786815,0.5825029015541077,0,1701073175360
1701073178681,0.5542418658733368,0.5755742192268372,0,1701073175360
1701073178718,0.5504634529352188,0.5809046924114227,0,1701073175360
1701073178753,0.5504534443219503,0.5846070051193237,0,1701073175360
1701073178790,0.5484833618005117,0.5805679261684418,0,1701073175360
1701073178824,0.5450928757588069,0.5868735313415527,0,1701073175360
1701073178861,0.5439618527889252,0.5903340578079224,0,1701073175360
1701073178898,0.5427876164515814,0.5874677896499634,0,1701073175360
1701073178936,0.5417999426523845,0.5841295421123505,0,1701073175360
1701073178973,0.5421454757452011,0.5742480456829071,0,1701073175360
1701073179008,0.5454103698333105,0.5658099353313446,0,1701073175360
1701073179044,0.5436912477016449,0.5693485736846924,0,1701073175360
1701073179079,0.542674740155538,0.57298144698143,0,1701073175360
1701073179115,0.5413502007722855,0.5766579806804657,0,1701073175360
1701073179151,0.5422760595877966,0.5777890980243683,0,1701073175360
1701073179187,0.5407896190881729,0.5796292126178741,0,1701073175360
1701073179223,0.5393788764874141,0.5753408372402191,0,1701073175360
1701073179260,0.5369387865066528,0.5713489353656769,0,1701073175360
1701073179297,0.5239432851473491,0.5813837349414825,0,1701073175360
1701073179332,0.4978366866707802,0.5908895134925842,0,1701073175360
1701073179369,0.4796165029207865,0.6060112118721008,0,1701073175360
1701073179405,0.4813513706127802,0.6011722683906555,0,1701073175360
1701073179440,0.4783359840512275,0.5951985716819763,0,1701073175360
1701073179475,0.4811311314503351,0.599003791809082,0,1701073179475
1701073179509,0.4711768825848897,0.598944216966629,0,1701073179475
1701073179544,nan,nan,2,1701073179475
1701073179576,nan,nan,2,1701073179475
1701073179607,nan,nan,2,1701073179475
1701073179637,nan,nan,2,1701073179475
1701073179667,nan,nan,2,1701073179475
1701073179694,nan,nan,2,1701073179475
1701073179721,nan,nan,2,1701073179475
1701073179751,nan,nan,2,1701073179475
1701073179781,0.2681793570518493,0.5117060542106628,1,1701073179475
1701073179817,0.2783276438713074,0.3255614638328552,1,1701073179475
1701073179851,0.3495143949985504,0.4621384739875793,1,1701073179475
1701073179887,0.4154183268547058,0.5171131789684296,1,1701073179475
1701073179924,0.4441566467285156,0.501066654920578,1,1701073179475
1701073179961,0.4848403036594391,0.4246523380279541,1,1701073179475
1701073179999,0.6269285678863525,0.2319422960281372,1,1701073179475
1701073180036,0.7097883224487305,0.1390185356140136,1,1701073179475
1701073180074,0.7712565064430237,0.11109459400177,1,1701073179475
1701073180113,0.772180438041687,0.0907205939292907,1,1701073179475
1701073180149,0.7408779263496399,0.1276754140853881,1,1701073179475
1701073180187,0.5153576731681824,0.0979573726654051,1,1701073179475
1701073180223,0.360621303319931,0.0240094661712646,1,1701073179475
1701073180260,0.3203001022338867,0.0381653308868408,1,1701073180260
1701073180296,0.3414013087749481,0.0276044607162475,1,1701073180260
1701073180333,0.3530863523483276,0.03453129529953,1,1701073180260
1701073180371,0.3787717223167419,0.0253740549087524,1,1701073180260
1701073180410,0.3339676260948181,0.0219453573226927,1,1701073180260
1701073180446,0.302662193775177,0.0049900412559508,1,1701073180260
1701073180483,0.2975406944751739,0.0103562474250792,1,1701073180260
1701073180519,0.2747145295143127,0.0579617023468017,1,1701073180260
1701073180553,nan,nan,2,1701073180260
1701073180589,nan,nan,2,1701073180260
1701073180621,nan,nan,2,1701073180260
1701073180653,nan,nan,2,1701073180260
1701073180689,nan,nan,2,1701073180260
1701073180721,nan,nan,2,1701073180260
1701073180752,nan,nan,2,1701073180260
1701073180789,nan,nan,2,1701073180260
1701073180821,nan,nan,2,1701073180260
1701073180857,nan,nan,2,1701073180260
1701073180889,0.8562434936563175,0.5330341756343842,0,1701073180260
1701073180920,0.953284318248431,0.521681547164917,0,1701073180260
1701073180956,0.9156467467546464,0.5255553126335144,0,1701073180260
1701073180989,0.8902502035101255,0.5151603817939758,0,1701073180260
1701073181021,0.8903630475203197,0.5168347954750061,0,1701073180260
1701073181057,0.8935966690381368,0.5378578007221222,0,1701073180260
1701073181089,0.8936168005069097,0.5464046001434326,0,1701073180260
1701073181125,0.8911924014488857,0.5576466917991638,0,1701073180260
1701073181158,0.8578445538878441,0.5853948593139648,0,1701073180260
1701073181191,0.8451184146106243,0.5868283212184906,0,1701073180260
1701073181225,0.8368625740210216,0.5847498774528503,0,1701073180260
1701073181259,0.8381966228286426,0.5721469521522522,0,1701073180260
1701073181292,0.8359773196280003,0.5660153031349182,0,1701073180260
1701073181326,0.8309848805268606,0.5544024705886841,0,1701073180260
1701073181360,0.8018280727167925,0.5419789850711823,0,1701073180260
1701073181392,nan,nan,2,1701073180260
1701073181425,nan,nan,2,1701073180260
1701073181457,nan,nan,2,1701073180260
1701073181493,nan,nan,2,1701073180260
1701073181525,nan,nan,2,1701073180260
1701073181557,nan,nan,2,1701073180260
1701073181593,nan,nan,2,1701073181593
1701073181625,nan,nan,2,1701073181593
1701073181661,nan,nan,2,1701073181593
1701073181692,0.3128120005130768,0.6312796473503113,1,1701073181593
1701073181725,0.3821431994438171,0.6447097957134247,1,1701073181593
1701073181762,0.4323617219924927,0.6697182953357697,1,1701073181593
1701073181799,0.4943509995937347,0.6952812075614929,1,1701073181593
1701073181836,0.3143996000289917,0.47133868932724,1,1701073181593
1701073181893,0.2151002436876297,0.4165573716163635,1,1701073181593
1701073181932,0.1968493461608886,0.3578850030899048,1,1701073181593
1701073181968,0.1889395713806152,0.3753861784934997,1,1701073181593
1701073182004,0.1611574590206146,0.336464524269104,1,1701073181593
1701073182040,0.1281378120183944,0.2824364900588989,1,1701073181593
1701073182076,0.115339770913124,0.2131383419036865,1,1701073181593
1701073182113,0.1150360181927681,0.1499029397964477,1,1701073181593
1701073182150,0.1142697259783744,0.030447244644165,1,1701073181593
1701073182186,nan,nan,2,1701073181593
1701073182221,nan,nan,2,1701073181593
1701073182255,nan,nan,2,1701073181593
1701073182288,nan,nan,2,1701073181593
1701073182325,nan,nan,2,1701073181593
1701073182359,nan,nan,2,1701073181593
1701073182394,nan,nan,2,1701073181593
1701073182429,nan,nan,2,1701073181593
1701073182464,nan,nan,2,1701073181593
1701073182499,0.1087996276716391,0.801405519247055,0,1701073181593
1701073182536,0.1116597826282183,0.7916603982448578,0,1701073181593
1701073182573,0.1367897056043148,0.7174313068389893,0,1701073181593
1701073182610,0.388562299311161,0.2150889635086059,0,1701073181593
1701073182648,0.4536875262856483,0.2626321315765381,0,1701073181593
1701073182687,0.4945026760300001,0.3624812960624695,0,1701073181593
1701073182724,0.5109095374743144,0.4052343964576721,0,1701073181593
1701073182762,0.4943636606136958,0.398971676826477,0,1701073181593
1701073182800,0.48007715990146,0.425790786743164,0,1701073181593
1701073182838,0.4844316393136978,0.3872427344322204,0,1701073181593
1701073182875,0.4655630687872569,0.4012187123298645,0,1701073181593
1701073182913,0.4654080967108408,0.3932333588600158,0,1701073181593
1701073182950,0.4660247936844826,0.3857565522193908,0,1701073181593
1701073182987,0.4608804285526275,0.3790302872657776,0,1701073181593
1701073183025,0.4757895618677139,0.3528850078582763,0,1701073181593
1701073183063,0.4616341292858124,0.3914893269538879,0,1701073181593
1701073183102,0.4636211867133776,0.3903787136077881,0,1701073181593
1701073183139,0.4610909695426623,0.3968431949615478,0,1701073181593
1701073183176,0.4590118353565534,0.4012200832366943,0,1701073181593
1701073183214,0.4587799732883771,0.409843385219574,0,1701073181593
1701073183254,0.4627203245957693,0.4165970087051391,0,1701073181593
1701073183292,0.4635120232899984,0.413064181804657,0,1701073181593
1701073183333,0.4613989392916361,0.4167317748069763,0,1701073181593
1701073183373,0.4625417590141296,0.4144600629806518,0,1701073181593
1701073183410,0.4611074104905128,0.4677141904830932,0,1701073181593
1701073183448,0.4583071221907934,0.4709412455558777,0,1701073181593
1701073183490,0.3091645337020357,0.3398608565330505,0,1701073181593
1701073183527,nan,nan,2,1701073181593
1701073183565,0.4434918413559596,0.3988866209983825,0,1701073181593
1701073183603,0.44882233440876,0.3990668654441833,0,1701073181593
1701073183640,0.4710063139597574,0.4157364964485168,0,1701073181593
1701073183678,0.4695435787240664,0.4155898690223694,0,1701073181593
1701073183715,0.4721638858318329,0.418871521949768,0,1701073181593
1701073183752,0.4689665560921033,0.4263279438018799,0,1701073181593
1701073183789,0.4686300009489059,0.4261938333511352,0,1701073181593
1701073183826,0.4723310023546219,0.4251111149787903,0,1701073181593
1701073183862,0.4700366208950678,0.4235828518867492,0,1701073181593
1701073183898,0.4687027310331663,0.4202486872673034,0,1701073181593
1701073183937,0.4684309959411621,0.4158700704574585,0,1701073181593
1701073183974,0.4679081390301386,0.4218047261238098,0,1701073181593
1701073184011,0.4634227280815443,0.4209136962890625,0,1701073181593
1701073184048,0.4637621144453684,0.4168654680252075,0,1701073181593
1701073184085,0.4612250427405039,0.4101413488388061,0,1701073181593
1701073184123,0.4589805801709493,0.4080734252929687,0,1701073181593
1701073184160,0.4658902610341708,0.3818711638450622,0,1701073181593
1701073184197,0.4704783658186595,0.3891181945800781,0,1701073181593
1701073184232,0.4331725761294365,0.3688938021659851,0,1701073184232
1701073184266,0.4208348244428634,0.3978181481361389,0,1701073184232
1701073184299,nan,nan,2,1701073184232
1701073184330,nan,nan,2,1701073184232
1701073184363,nan,nan,2,1701073184232
1701073184395,nan,nan,2,1701073184232
1701073184423,nan,nan,2,1701073184232
1701073184452,nan,nan,2,1701073184232
1701073184481,nan,nan,2,1701073184232
1701073184510,nan,nan,2,1701073184232
1701073184541,0.136699765920639,0.3863519430160522,1,1701073184232
1701073184574,0.2395140677690506,0.3599457144737243,1,1701073184232
1701073184611,0.3060771226882934,0.3490737676620483,1,1701073184232
1701073184649,0.3420218825340271,0.3425642251968384,1,1701073184232
1701073184690,0.3723509013652801,0.3240255117416382,1,1701073184232
1701073184729,0.4069358706474304,0.2895393967628479,1,1701073184232
1701073184767,0.4320865571498871,0.6576080620288849,1,1701073184232
1701073184806,0.6000438928604126,0.3369171619415283,1,1701073184806
1701073184844,0.7813901305198669,0.2569888830184936,1,1701073184806
1701073184882,0.8434150815010071,0.252676248550415,1,1701073184806
1701073184918,0.839625895023346,0.2543196082115173,1,1701073184806
1701073184954,0.8247939944267273,0.2306916117668151,1,1701073184806
1701073184990,0.8496941924095154,0.2292301058769226,1,1701073184806
1701073185024,nan,nan,2,1701073184806
1701073185053,nan,nan,2,1701073184806
1701073185079,nan,nan,2,1701073184806
1701073185109,nan,nan,2,1701073184806
1701073185144,nan,nan,2,1701073184806
1701073185177,nan,nan,2,1701073184806
1701073185213,nan,nan,2,1701073184806
1701073185245,nan,nan,2,1701073184806
1701073185277,nan,nan,2,1701073184806
1701073185312,nan,nan,2,1701073184806
1701073185345,0.8494160485764345,0.3768807053565979,0,1701073184806
1701073185381,0.8896930068731308,0.4264407753944397,0,1701073184806
1701073185413,0.8059093455473583,0.4443292617797851,0,1701073184806
1701073185446,0.959712619582812,0.5097812116146088,0,1701073184806
1701073185481,0.966131793955962,0.5331803858280182,0,1701073184806
1701073185514,0.9633262008428574,0.5402684509754181,0,1701073184806
1701073185547,0.9541988919178646,0.5402844250202179,0,1701073184806
1701073185581,0.925448164343834,0.5356352627277374,0,1701073184806
1701073185614,0.9138416772087417,0.5342139005661011,0,1701073184806
1701073185648,0.9018096824487052,0.5300554633140564,0,1701073184806
1701073185682,0.8955097670356433,0.5319822728633881,0,1701073184806
1701073185715,0.892014575501283,0.5269755423069,0,1701073184806
1701073185749,0.8965493192275366,0.5154148042201996,0,1701073184806
1701073185781,0.8906152471899986,0.5118823647499084,0,1701073184806
1701073185816,0.8760694786906242,0.4860274195671081,0,1701073185816
1701073185849,0.6457913219928741,0.565527617931366,0,1701073185816
1701073185881,0.6216560353835424,0.6293135583400726,0,1701073185816
1701073185917,0.5825602809588115,0.4551374316215515,0,1701073185816
1701073185949,0.4936967094739278,0.5519169270992279,0,1701073185816
1701073185981,0.4131267269452413,0.4546627998352051,0,1701073185816
1701073186016,0.3542625022431215,0.4231948852539062,0,1701073185816
1701073186049,0.3814794483284155,0.4521090984344482,0,1701073185816
1701073186082,0.4243322511514028,0.4697232246398926,0,1701073185816
1701073186117,0.425222136080265,0.5050874054431915,0,1701073185816
1701073186152,0.4293901522954305,0.5277725458145142,0,1701073185816
1701073186189,0.4288637563586235,0.529227077960968,0,1701073185816
1701073186224,0.4306982631484667,0.5192923843860626,0,1701073185816
1701073186260,0.4357239653666814,0.5209189057350159,0,1701073185816
1701073186293,0.4371833975116411,0.5271329581737518,0,1701073185816
1701073186325,0.436639666557312,0.5303459465503693,0,1701073185816
1701073186361,0.4368199830253919,0.5181049108505249,0,1701073185816
1701073186396,0.4326120689511299,0.506103128194809,0,1701073185816
1701073186432,0.437540590763092,0.4867013692855835,0,1701073185816
1701073186469,nan,nan,2,1701073185816
1701073186502,nan,nan,2,1701073185816
1701073186532,nan,nan,2,1701073185816
1701073186561,nan,nan,2,1701073185816
1701073186588,nan,nan,2,1701073185816
1701073186617,nan,nan,2,1701073185816
1701073186653,nan,nan,2,1701073185816
1701073186684,nan,nan,2,1701073185816
1701073186720,nan,nan,2,1701073185816
1701073186755,0.1493830680847168,0.4353263974189758,1,1701073185816
1701073186790,0.2022033333778381,0.4761616587638855,1,1701073185816
1701073186827,0.2271014899015426,0.4783126711845398,1,1701073185816
1701073186864,0.2228468358516693,0.4439537525177002,1,1701073185816
1701073186901,nan,nan,2,1701073185816
1701073186938,nan,nan,2,1701073185816
1701073186974,nan,nan,2,1701073185816
1701073187004,nan,nan,2,1701073185816
1701073187031,nan,nan,2,1701073185816
1701073187059,nan,nan,2,1701073185816
1701073187089,nan,nan,2,1701073185816
1701073187120,nan,nan,2,1701073185816
1701073187157,0.4124722058574359,0.4249561429023742,0,1701073185816
1701073187192,0.5142932186524074,0.4401544332504272,0,1701073185816
1701073187228,0.4664597089091937,0.4489595293998718,0,1701073185816
1701073187264,0.4750163902839025,0.4580221772193908,0,1701073185816
1701073187301,0.4688517798980077,0.4834152460098266,0,1701073185816
1701073187337,0.4655467768510183,0.502873420715332,0,1701073185816
1701073187374,0.4546972662210464,0.5145761668682098,0,1701073185816
1701073187410,0.4496460830171903,0.5205765664577484,0,1701073185816
1701073187447,0.4502905209859212,0.5138562023639679,0,1701073185816
1701073187485,0.4525362874070803,0.5160138309001923,0,1701073185816
1701073187523,0.4547277639309565,0.5157460570335388,0,1701073185816
1701073187562,0.4543053532640139,0.5135626792907715,0,1701073185816
1701073187599,0.4519434695442518,0.5075937807559967,0,1701073185816
1701073187636,0.4541247015198072,0.5111623108386993,0,1701073185816
1701073187673,0.4544332921504974,0.5136817395687103,0,1701073185816
1701073187710,0.4538626397649447,0.5087436437606812,0,1701073185816
1701073187747,0.4550083031256994,0.5065597891807556,0,1701073185816
1701073187783,0.4549855291843414,0.5078271925449371,0,1701073185816
1701073187820,0.4544957528511683,0.5102143585681915,0,1701073185816
1701073187857,0.4532533312837283,0.5121999084949493,0,1701073185816
1701073187894,0.4495807786782583,0.5099750459194183,0,1701073185816
1701073187929,0.4472257867455482,0.5148649513721466,0,1701073185816
1701073187965,0.4478698149323463,0.512601226568222,0,1701073185816
1701073188003,0.4486067146062851,0.5060902535915375,0,1701073185816
1701073188039,0.4490931009252866,0.5050160884857178,0,1701073185816
1701073188074,0.4508792037765185,0.5131532251834869,0,1701073185816
1701073188111,0.4516329914331436,0.5155820548534393,0,1701073185816
1701073188147,0.4499313905835151,0.5080950856208801,0,1701073185816
1701073188183,0.447449192404747,0.5121358931064606,0,1701073185816
1701073188219,0.4484127884109815,0.5144901871681213,0,1701073185816
1701073188255,0.4489703650275866,0.5155591368675232,0,1701073185816
1701073188292,0.4507428581515948,0.5231345593929291,0,1701073185816
1701073188330,0.4526643628875414,0.530470222234726,0,1701073185816
1701073188367,0.452441764374574,0.5236039459705353,0,1701073185816
1701073188402,0.4504447852571805,0.5140413343906403,0,1701073185816
1701073188438,0.450317678352197,0.5038796961307526,0,1701073185816
1701073188474,0.448129082719485,0.502945601940155,0,1701073185816
1701073188513,0.4424231673280397,0.4909874200820923,0,1701073188513
1701073188554,0.3577125929296016,0.7837520390748978,0,1701073188513
1701073188592,nan,nan,2,1701073188513
1701073188625,nan,nan,2,1701073188513
1701073188656,nan,nan,2,1701073188513
1701073188685,nan,nan,2,1701073188513
1701073188716,nan,nan,2,1701073188513
1701073188748,nan,nan,2,1701073188513
1701073188781,nan,nan,2,1701073188513
1701073188817,nan,nan,2,1701073188513
1701073188853,0.3702505826950073,0.2492550611495971,1,1701073188513
1701073188891,0.3914752304553985,0.3012290000915527,1,1701073188513
1701073188929,0.2927595674991607,0.2210392951965332,1,1701073188513
1701073188967,0.4475483000278473,0.3184520006179809,1,1701073188513
1701073189007,0.4536957740783691,0.3322939872741699,1,1701073188513
1701073189047,0.2962037622928619,0.2774313688278198,1,1701073188513
1701073189088,0.1794734448194503,0.2925461530685425,1,1701073188513
1701073189128,0.1406619548797607,0.3115869164466858,1,1701073189128
1701073189169,0.1538241058588028,0.3033053278923034,1,1701073189128
1701073189209,0.1691641062498092,0.3034155368804931,1,1701073189128
1701073189251,0.1622585505247116,0.2985080480575561,1,1701073189128
1701073189292,0.1648243963718414,0.3155725002288818,1,1701073189128
1701073189335,0.1604447811841964,0.3580896854400635,1,1701073189128
1701073189377,0.1479080021381378,0.3638886213302612,1,1701073189128
1701073189417,0.13795867562294,0.414808452129364,1,1701073189128
1701073189455,nan,nan,2,1701073189128
1701073189492,nan,nan,2,1701073189128
1701073189523,nan,nan,2,1701073189128
1701073189555,nan,nan,2,1701073189128
1701073189583,nan,nan,2,1701073189128
1701073189610,nan,nan,2,1701073189128
1701073189635,nan,nan,2,1701073189128
1701073189669,nan,nan,2,1701073189128
1701073189701,nan,nan,2,1701073189128
1701073189736,nan,nan,2,1701073189128
1701073189769,nan,nan,2,1701073189128
1701073189801,nan,nan,2,1701073189128
1701073189837,0.9032810181379318,0.3749908208847046,0,1701073189128
1701073189869,0.9907082840800284,0.4394894242286682,0,1701073189128
1701073189901,nan,nan,2,1701073189128
1701073189936,nan,nan,2,1701073189128
1701073189969,nan,nan,2,1701073189128
1701073190004,nan,nan,2,1701073189128
1701073190038,nan,nan,2,1701073189128
1701073190072,nan,nan,2,1701073189128
1701073190105,nan,nan,2,1701073189128
1701073190136,nan,nan,2,1701073189128
1701073190171,nan,nan,2,1701073189128
1701073190205,0.8564343949158987,0.6412858068943024,0,1701073189128
1701073190237,nan,nan,2,1701073189128
1701073190272,nan,nan,2,1701073189128
1701073190304,nan,nan,2,1701073190304
1701073190336,nan,nan,2,1701073190304
1701073190373,nan,nan,2,1701073190304
1701073190405,nan,nan,2,1701073190304
1701073190441,0.9942443470160168,0.4787765145301819,0,1701073190304
1701073190473,0.9841486935814222,0.4773330092430115,0,1701073190304
1701073190504,0.8504474038879077,0.4254179000854492,0,1701073190304
1701073190541,nan,nan,2,1701073190304
1701073190573,nan,nan,2,1701073190304
1701073190605,nan,nan,2,1701073190304
1701073190641,nan,nan,2,1701073190304
1701073190673,nan,nan,2,1701073190304
1701073190709,0.3344321890423695,0.5014037191867828,0,1701073190304
1701073190741,0.3666285413006941,0.5420683324337006,0,1701073190304
1701073190773,0.3993270720044772,0.5610728859901428,0,1701073190304
1701073190809,0.421581782400608,0.5915647447109222,0,1701073190304
1701073190841,0.3297785191486279,0.745426595211029,0,1701073190304
1701073190875,0.41298691680034,0.5962349772453308,0,1701073190304
1701073190911,0.4288023263216018,0.5998365879058838,0,1701073190304
1701073190946,0.4360860014955202,0.5942272543907166,0,1701073190304
1701073190982,0.4596344431241354,0.5915262401103973,0,1701073190304
1701073191018,0.4618397901455561,0.5948557555675507,0,1701073190304
1701073191053,0.4457717314362526,0.6157837808132172,0,1701073190304
1701073191090,0.2646125803391139,0.5480277240276337,0,1701073190304
1701073191128,0.445688359439373,0.625258058309555,0,1701073190304
1701073191164,0.454753095904986,0.6231391727924347,0,1701073190304
1701073191200,0.4635697156190872,0.6073770523071289,0,1701073190304
1701073191235,0.4685033286611239,0.5984129011631012,0,1701073190304
1701073191270,0.4670253073175748,0.6030878722667694,0,1701073190304
1701073191305,0.4674353748559952,0.5986046195030212,0,1701073190304
1701073191340,0.4690494686365127,0.5988969802856445,0,1701073190304
1701073191376,0.469335620601972,0.5979409217834473,0,1701073190304
1701073191412,0.4708868687351545,0.6012670695781708,0,1701073190304
1701073191448,0.4709966654578844,0.5964474081993103,0,1701073190304
1701073191486,0.4721508473157882,0.5908956527709961,0,1701073190304
1701073191522,0.4737680827577909,0.5860721468925476,0,1701073190304
1701073191559,0.4740387871861458,0.5883982479572296,0,1701073190304
1701073191596,0.469221663971742,0.5882127583026886,0,1701073190304
1701073191631,0.4685528998573621,0.5873711109161377,0,1701073190304
1701073191667,0.4701135481397311,0.5867759585380554,0,1701073190304
1701073191701,0.4701514715949694,0.5868671834468842,0,1701073190304
1701073191737,0.469579242169857,0.5823115110397339,0,1701073190304
1701073191772,0.4695527305205663,0.5834401547908783,0,1701073190304
1701073191808,0.4727119008700053,0.5819962322711945,0,1701073190304
1701073191853,0.4753073727091154,0.5838293135166168,0,1701073190304
1701073191892,0.476772628724575,0.5853083729743958,0,1701073190304
1701073191927,0.477156768242518,0.5918174684047699,0,1701073190304
1701073191963,0.4771884456276893,0.5890134871006012,0,1701073190304
1701073191998,0.4745052059491476,0.5908487439155579,0,1701073190304
1701073192034,0.4761153260866801,0.5891096889972687,0,1701073190304
1701073192071,0.4809614196419716,0.5887331068515778,0,1701073190304
1701073192107,0.4822785829504331,0.5901678800582886,0,1701073190304
1701073192143,0.4819061284263929,0.5891103744506836,0,1701073190304
1701073192179,0.4815003325541814,0.5905838310718536,0,1701073190304
1701073192214,0.4794134125113487,0.5944862961769104,0,1701073190304
1701073192251,0.475948544840018,0.5921338200569153,0,1701073190304
1701073192287,0.4765621125698089,0.5860939621925354,0,1701073190304
1701073192325,0.4761140346527099,0.5828720331192017,0,1701073190304
1701073192363,0.4756534645954768,0.5767779052257538,0,1701073190304
1701073192400,0.4742944414416948,0.5740617215633392,0,1701073190304
1701073192435,0.4691003312667211,0.5679621398448944,0,1701073190304
1701073192469,0.4653736626108488,0.56529101729393,0,1701073190304
1701073192507,0.4553720404704412,0.5573431253433228,0,1701073190304
1701073192545,nan,nan,2,1701073190304
1701073192579,nan,nan,2,1701073190304
1701073192612,nan,nan,2,1701073190304
1701073192642,nan,nan,2,1701073190304
1701073192672,nan,nan,2,1701073190304
1701073192702,nan,nan,2,1701073190304
1701073192732,nan,nan,2,1701073190304
1701073192762,nan,nan,2,1701073190304
1701073192794,0.2421827018260955,0.2877945899963379,1,1701073192794
1701073192829,0.3045221269130707,0.2714974284172058,1,1701073192794
1701073192866,0.3688412010669708,0.3035039901733398,1,1701073192794
1701073192903,0.4026774764060974,0.3374694585800171,1,1701073192794
1701073192939,0.3412026464939117,0.2963968515396118,1,1701073192794
1701073192976,0.32100310921669,0.2714645862579345,1,1701073192794
1701073193014,0.3350732624530792,0.2201842069625854,1,1701073192794
1701073193054,0.368103951215744,0.2188147902488708,1,1701073192794
1701073193092,0.3658525943756103,0.2124031782150268,1,1701073192794
1701073193130,0.3779903650283813,0.1663581728935241,1,1701073192794
1701073193165,0.4638317823410034,0.134978711605072,1,1701073192794
1701073193203,0.4818497896194458,0.9103721901774406,1,1701073192794
1701073193240,0.4704425036907196,0.9023739993572236,1,1701073192794
1701073193278,0.1127644404768943,0.9826621059328318,1,1701073192794
1701073193314,0.4811339378356933,0.933870315551758,1,1701073192794
1701073193350,0.6607288718223572,0.152406632900238,1,1701073192794
1701073193389,0.8216002583503723,0.1179342865943908,1,1701073192794
1701073193429,0.9816480278968812,0.1076663136482238,1,1701073192794
1701073193466,0.9926401376724244,0.1341117620468139,1,1701073192794
1701073193504,0.996218204498291,0.1000678539276123,1,1701073192794
1701073193541,0.9975508451461792,0.0867505669593812,1,1701073192794
1701073193581,0.961679458618164,0.1717218160629272,1,1701073192794
1701073193619,0.9358747601509094,0.1815750002861023,1,1701073192794
1701073193656,0.9337270259857178,0.1766507625579834,1,1701073192794
1701073193693,0.9582893252372742,0.1645733714103698,1,1701073192794
1701073193731,0.8313199877738953,0.2630379199981689,1,1701073192794
1701073193768,0.6194886565208435,0.0816993713378906,1,1701073192794
1701073193806,0.5103527307510376,0.0416708588600159,1,1701073192794
1701073193844,0.4032535254955292,0.0555457472801208,1,1701073192794
1701073193882,0.4228008091449737,0.0325831770896911,1,1701073192794
1701073193919,0.4162988662719726,0.0767273902893066,1,1701073193919
