timestamp,x,y
1704792006773,nan,nan
1704792006788,nan,nan
1704792006806,nan,nan
1704792006821,nan,nan
1704792006835,nan,nan
1704792006853,nan,nan
1704792006868,nan,nan
1704792006886,nan,nan
1704792006904,nan,nan
1704792006916,nan,nan
1704792006934,nan,nan
1704792006949,nan,nan
1704792006969,29.429828969110133,28.28662109651969
1704792006983,nan,nan
1704792007000,nan,nan
1704792007018,nan,nan
1704792007033,nan,nan
1704792007048,nan,nan
1704792007063,nan,nan
1704792007080,nan,nan
1704792007095,nan,nan
1704792007113,nan,nan
1704792007128,nan,nan
1704792007145,nan,nan
1704792007163,nan,nan
1704792007178,nan,nan
1704792007195,nan,nan
1704792007209,nan,nan
1704792007226,nan,nan
1704792007241,nan,nan
1704792007259,nan,nan
1704792007277,nan,nan
1704792007294,nan,nan
1704792007306,nan,nan
1704792007323,nan,nan
1704792007340,nan,nan
1704792007358,nan,nan
1704792007373,nan,nan
1704792007388,nan,nan
1704792007403,nan,nan
1704792007423,nan,nan
1704792007437,nan,nan
1704792007452,nan,nan
1704792007470,nan,nan
1704792007487,nan,nan
1704792007501,nan,nan
1704792007519,nan,nan
1704792007534,nan,nan
1704792007549,nan,nan
1704792007567,nan,nan
1704792007584,nan,nan
1704792007599,nan,nan
1704792007614,nan,nan
1704792007632,nan,nan
1704792007650,nan,nan
1704792007662,nan,nan
1704792007680,nan,nan
1704792007695,nan,nan
1704792007712,nan,nan
1704792007731,nan,nan
1704792007743,nan,nan
1704792007760,nan,nan
1704792007778,nan,nan
1704792007796,nan,nan
1704792007811,nan,nan
1704792007826,nan,nan
1704792007844,nan,nan
1704792007859,nan,nan
1704792007876,nan,nan
1704792007894,nan,nan
1704792007909,nan,nan
1704792007924,nan,nan
1704792007939,nan,nan
1704792007962,nan,nan
1704792007970,nan,nan
1704792007990,nan,nan
1704792008005,nan,nan
1704792008023,nan,nan
1704792008040,nan,nan
1704792008054,nan,nan
1704792008072,nan,nan
1704792008087,nan,nan
1704792008108,nan,nan
1704792008120,nan,nan
1704792008135,nan,nan
1704792008153,nan,nan
1704792008170,nan,nan
1704792008187,nan,nan
1704792008202,nan,nan
1704792008217,nan,nan
1704792008235,nan,nan
1704792008252,nan,nan
1704792008267,nan,nan
1704792008282,nan,nan
1704792008300,nan,nan
1704792008315,nan,nan
1704792008333,nan,nan
1704792008351,nan,nan
1704792008366,nan,nan
1704792008380,nan,nan
1704792008404,nan,nan
1704792008413,nan,nan
1704792008432,nan,nan
1704792008444,nan,nan
1704792008461,nan,nan
1704792008476,nan,nan
1704792008493,nan,nan
1704792008511,nan,nan
1704792008526,nan,nan
1704792008543,nan,nan
1704792008561,nan,nan
1704792008576,nan,nan
1704792008594,nan,nan
1704792008606,nan,nan
1704792008624,nan,nan
1704792008639,nan,nan
1704792008657,nan,nan
1704792008672,nan,nan
1704792008693,nan,nan
1704792008705,nan,nan
1704792008723,nan,nan
1704792008738,nan,nan
1704792008757,nan,nan
1704792008769,nan,nan
1704792008784,nan,nan
1704792008814,nan,nan
1704792008820,nan,nan
1704792008835,nan,nan
1704792008849,nan,nan
1704792008870,nan,nan
1704792008882,nan,nan
1704792008903,nan,nan
1704792008915,nan,nan
1704792008932,nan,nan
1704792008949,nan,nan
1704792008964,nan,nan
1704792008979,nan,nan
1704792008997,nan,nan
1704792009012,nan,nan
1704792009027,nan,nan
1704792009044,nan,nan
1704792009062,nan,nan
1704792009080,nan,nan
1704792009092,nan,nan
1704792009107,nan,nan
1704792009127,nan,nan
1704792009145,nan,nan
1704792009160,nan,nan
1704792009172,nan,nan
1704792009190,nan,nan
1704792009205,nan,nan
1704792009226,nan,nan
1704792009238,nan,nan
1704792009255,nan,nan
1704792009270,nan,nan
1704792009288,nan,nan
1704792009305,nan,nan
1704792009322,nan,nan
1704792009334,nan,nan
1704792009355,nan,nan
1704792009367,nan,nan
1704792009385,nan,nan
1704792009400,nan,nan
1704792009418,nan,nan
1704792009436,nan,nan
1704792009460,52.988692307821566,31.056485237373614
1704792009465,nan,nan
1704792009483,nan,nan
1704792009498,nan,nan
1704792009513,nan,nan
1704792009531,nan,nan
1704792009546,nan,nan
1704792009561,nan,nan
1704792009578,nan,nan
1704792009595,nan,nan
1704792009610,nan,nan
1704792009628,nan,nan
1704792009645,nan,nan
1704792009660,nan,nan
1704792009680,nan,nan
1704792009691,nan,nan
1704792009706,nan,nan
1704792009724,nan,nan
1704792009742,34.54116463742724,9.005212812876573
1704792009757,nan,nan
1704792009775,nan,nan
1704792009789,nan,nan
1704792009807,nan,nan
1704792009824,nan,nan
1704792009839,nan,nan
1704792009854,nan,nan
1704792009871,nan,nan
1704792009886,nan,nan
1704792009904,nan,nan
1704792009919,nan,nan
1704792009937,34.17209855328931,10.83982310240217
1704792009952,nan,nan
1704792009970,nan,nan
1704792009985,nan,nan
1704792010000,nan,nan
1704792010015,nan,nan
1704792010033,nan,nan
1704792010047,nan,nan
1704792010065,nan,nan
1704792010080,nan,nan
1704792010098,nan,nan
1704792010113,nan,nan
1704792010128,nan,nan
1704792010146,nan,nan
1704792010164,nan,nan
1704792010179,nan,nan
1704792010197,35.428470698556566,2.3563182515211722
1704792010212,nan,nan
1704792010227,nan,nan
1704792010245,nan,nan
1704792010262,nan,nan
1704792010277,nan,nan
1704792010295,nan,nan
1704792010310,25.01343243565059,18.97374586127411
1704792010327,nan,nan
1704792010345,nan,nan
1704792010359,nan,nan
1704792010376,nan,nan
1704792010388,nan,nan
1704792010406,nan,nan
1704792010427,nan,nan
1704792010439,nan,nan
1704792010454,nan,nan
1704792010472,nan,nan
1704792010487,nan,nan
1704792010505,nan,nan
1704792010520,nan,nan
1704792010538,nan,nan
1704792010553,nan,nan
1704792010567,nan,nan
1704792010591,nan,nan
1704792010600,nan,nan
1704792010618,nan,nan
1704792010633,nan,nan
1704792010651,nan,nan
1704792010666,nan,nan
1704792010684,nan,nan
1704792010698,nan,nan
1704792010716,nan,nan
1704792010733,nan,nan
1704792010746,nan,nan
1704792010761,nan,nan
1704792010779,nan,nan
1704792010796,nan,nan
1704792010817,nan,nan
1704792010828,nan,nan
1704792010846,nan,nan
1704792010860,nan,nan
1704792010878,nan,nan
1704792010896,nan,nan
1704792010911,nan,nan
1704792010926,nan,nan
1704792010941,nan,nan
1704792010959,nan,nan
1704792010974,nan,nan
1704792010992,11.822370783854002,11.063452698575032
1704792011008,51.55464665262577,35.48738423280522
1704792011023,nan,nan
1704792011038,nan,nan
1704792011055,nan,nan
1704792011073,nan,nan
1704792011088,11.193222181326757,10.134229406110416
1704792011106,9.354331062745619,10.696596593549856
1704792011124,12.044252666373945,8.065067068074445
1704792011139,11.824872448075745,11.191782928030035
1704792011156,12.310205760309188,11.24455038046737
1704792011171,10.80306435658134,12.948799796050391
1704792011189,12.59249304357186,9.277646432421065
1704792011203,12.346322128493414,10.841536005002819
1704792011221,12.481247005641475,8.524825938617425
1704792011233,nan,nan
1704792011251,12.818568010601206,10.347832894338117
1704792011266,nan,nan
1704792011284,12.463301313814524,16.78979392230981
1704792011299,nan,nan
1704792011319,11.96163230319729,18.0445400055674
1704792011334,nan,nan
1704792011349,12.555953047973514,18.786274487183338
1704792011364,nan,nan
1704792011381,12.480194760672948,18.291440486903085
1704792011395,nan,nan
1704792011415,9.039059065153781,17.873862963855427
1704792011430,9.028169355090482,19.87711585298127
1704792011445,nan,nan
1704792011460,nan,nan
1704792011481,nan,nan
1704792011493,nan,nan
1704792011511,nan,nan
1704792011526,nan,nan
1704792011543,nan,nan
1704792011558,nan,nan
1704792011576,34.589371268431655,30.90271970344564
1704792011593,46.77981947783729,19.39937250777714
1704792011611,44.975224453448604,19.308762772584124
1704792011629,46.200532915839034,21.138110329750866
1704792011641,nan,nan
1704792011656,nan,nan
1704792011673,nan,nan
1704792011688,nan,nan
1704792011705,nan,nan
1704792011720,nan,nan
1704792011738,nan,nan
1704792011753,nan,nan
1704792011770,nan,nan
1704792011788,nan,nan
1704792011803,19.76961155672536,31.25586420585285
1704792011817,nan,nan
1704792011832,nan,nan
1704792011850,nan,nan
1704792011865,nan,nan
1704792011882,nan,nan
1704792011897,nan,nan
1704792011921,nan,nan
1704792011930,nan,nan
1704792011945,nan,nan
1704792011963,nan,nan
1704792011978,nan,nan
1704792011996,nan,nan
1704792012014,29.493103625892086,28.31266191085129
1704792012029,nan,nan
1704792012044,nan,nan
1704792012062,nan,nan
1704792012077,nan,nan
1704792012094,nan,nan
1704792012109,nan,nan
1704792012130,nan,nan
1704792012146,nan,nan
1704792012161,42.525292043623644,17.181228996626153
1704792012176,38.498056233883446,15.055530409079037
1704792012194,41.468250676897455,15.0384947058622
1704792012212,40.920619609988584,16.72014003691902
1704792012224,40.74730680683171,15.620435624495544
1704792012242,40.700761750758936,15.653565277574483
1704792012257,40.647237035005176,15.584271147981871
1704792012275,40.28617277179908,15.553687188614454
1704792012293,40.21860558655879,15.79423472503824
1704792012307,40.3664733085112,15.726953427217014
1704792012321,40.448500093896335,15.630501567672441
1704792012338,40.43892521569002,15.20387005458795
1704792012359,40.48814796542349,14.973152856905221
1704792012371,40.46526134372897,14.899284463757754
1704792012386,40.649534756998385,15.5398588020854
1704792012404,40.90640596094637,15.838367223359857
1704792012422,41.182482488600996,17.07156027840584
1704792012437,41.36743329641552,17.53243987640632
1704792012452,41.44456292134198,18.114859792423424
1704792012470,41.4385562008935,19.069343125731024
1704792012488,41.42614049240658,19.153857384089168
1704792012502,41.17694483907682,19.71677473659583
1704792012516,41.12840163601497,19.56016950539317
1704792012531,40.92003061645117,19.093261488912766
1704792012552,40.863041164841135,18.83188742273066
1704792012564,41.014987375181846,18.271574655056625
1704792012582,40.944517321206334,18.439231390831267
1704792012600,40.82221143001169,18.681253672000704
1704792012615,40.86684744400982,18.82383503359575
1704792012630,40.67856282663786,19.074159813049754
1704792012648,40.77322478111989,19.021400880929406
1704792012663,40.88999978135808,19.284684259440105
1704792012678,40.82755063119781,19.426878655214225
1704792012699,40.743048368470255,19.360208060196452
1704792012714,40.64024797635567,19.177012415491618
1704792012729,40.66288890384901,18.670619099502645
1704792012747,40.74883236473937,18.463620173458946
1704792012762,40.96559660837058,18.794839093394167
1704792012777,41.0720973354507,18.71969338772245
1704792012798,41.16651676590437,18.498570911669265
1704792012810,41.34767834977635,18.705280067864635
1704792012828,37.58133177462776,20.250104354116644
1704792012843,37.602820630801105,20.268254949954482
1704792012861,37.64744273584805,20.53503704326459
1704792012876,37.530936822088734,20.60024323982789
1704792012890,37.674275660849815,20.770177481725725
1704792012907,37.66712883329945,20.73006232737121
1704792012921,37.442887558351764,20.893412459766402
1704792012939,37.40283617869576,20.769618844337348
1704792012957,37.19991872294551,20.53869260899168
1704792012972,37.03634417091083,20.243739043454063
1704792012987,37.097653820880986,20.543163265173337
1704792013005,37.50738300514095,19.892385461702933
1704792013020,36.84917390868714,20.43968404651588
1704792013038,36.81117089079662,20.608417510592254
1704792013053,36.852930214088836,20.423486652172663
1704792013071,37.180460875594015,20.339504238609262
1704792013088,37.47717876176591,19.912351995918385
1704792013100,37.687552807323435,19.501398946850053
1704792013118,37.5955831332001,18.84801321426683
1704792013133,37.54499103704562,18.645508710044595
1704792013151,37.50686068649957,18.378116437805197
1704792013166,37.513682151185435,18.262541423117874
1704792013184,37.664954249631435,17.975396849539266
1704792013199,37.61210138355066,17.69137339036482
1704792013217,37.43546417266659,18.07381960922388
1704792013231,37.529142582489,18.093409529816984
1704792013249,37.47250454638193,18.466957510393406
1704792013264,37.62375895051277,18.588582143816396
1704792013279,37.668681884373086,18.564803922921953
1704792013297,37.611608382777064,18.431364656341017
1704792013314,37.45460345599203,18.356687686477255
1704792013329,37.45848576147158,18.176384875023157
1704792013344,37.39960876255166,18.03882543753417
1704792013362,37.453562226240024,18.254238801781767
1704792013379,37.377001907465804,18.25455172607667
1704792013391,37.353046559002095,18.615060464306442
1704792013410,37.493922185197036,18.719445626756244
1704792013425,37.68136729626981,18.76382142942688
1704792013443,37.83522358211377,18.75727865521151
1704792013461,37.949086007734465,18.639182243805053
1704792013475,37.73564876244371,18.68069681864715
1704792013490,37.631340656168355,18.67216667087254
1704792013508,37.5849205771429,18.756211437800644
1704792013527,37.56099181523749,18.791126485178108
1704792013539,37.67572867631973,19.070004460356838
1704792013557,37.67112988810729,18.975350918705768
1704792013572,37.78797960325114,18.91137921531244
1704792013587,41.507385422011644,25.654889422551747
1704792013604,40.806241170585125,28.13934802275027
1704792013622,42.44777465288181,35.90370405899342
1704792013637,41.20776116641971,37.28452689753017
1704792013652,nan,nan
1704792013670,nan,nan
1704792013685,nan,nan
1704792013700,nan,nan
1704792013717,nan,nan
1704792013735,nan,nan
1704792013750,nan,nan
1704792013768,nan,nan
1704792013783,nan,nan
1704792013798,nan,nan
1704792013816,nan,nan
1704792013830,nan,nan
1704792013847,nan,nan
1704792013864,nan,nan
1704792013879,nan,nan
1704792013897,nan,nan
1704792013912,nan,nan
1704792013927,nan,nan
1704792013944,nan,nan
1704792013962,nan,nan
1704792013977,nan,nan
1704792013992,nan,nan
1704792014010,nan,nan
1704792014028,nan,nan
1704792014043,nan,nan
1704792014058,nan,nan
1704792014076,nan,nan
1704792014091,nan,nan
1704792014106,nan,nan
1704792014122,nan,nan
1704792014137,nan,nan
1704792014152,nan,nan
1704792014170,nan,nan
1704792014185,nan,nan
1704792014203,nan,nan
1704792014218,nan,nan
1704792014235,nan,nan
1704792014250,nan,nan
1704792014268,nan,nan
1704792014283,nan,nan
1704792014300,nan,nan
1704792014317,nan,nan
1704792014332,nan,nan
1704792014346,nan,nan
1704792014364,nan,nan
1704792014382,nan,nan
1704792014397,nan,nan
1704792014412,nan,nan
1704792014430,nan,nan
1704792014445,nan,nan
1704792014465,nan,nan
1704792014480,nan,nan
1704792014495,nan,nan
1704792014510,nan,nan
1704792014534,nan,nan
1704792014543,nan,nan
1704792014558,nan,nan
1704792014575,nan,nan
1704792014593,nan,nan
1704792014608,nan,nan
1704792014623,nan,nan
1704792014640,nan,nan
1704792014657,nan,nan
1704792014675,nan,nan
1704792014690,nan,nan
1704792014705,nan,nan
1704792014722,nan,nan
1704792014740,nan,nan
1704792014755,nan,nan
1704792014770,nan,nan
1704792014791,nan,nan
1704792014803,nan,nan
1704792014820,nan,nan
1704792014835,nan,nan
1704792014853,nan,nan
1704792014868,nan,nan
1704792014886,nan,nan
1704792014898,nan,nan
1704792014916,nan,nan
1704792014933,nan,nan
1704792014953,nan,nan
1704792014965,nan,nan
1704792014982,nan,nan
1704792014999,57.30190401954461,25.748393153946864
1704792015016,14.207429214762762,14.842617195852927
1704792015034,10.704325134638017,13.355622419929077
1704792015049,13.977508159046273,14.62604144174651
1704792015066,13.794654423692098,15.522718856911307
1704792015084,13.702490139100659,15.485021668344908
1704792015098,13.819003121629592,15.64104286221443
1704792015115,13.545507426931106,15.715005466664318
1704792015130,13.884628442332101,15.709885955726115
1704792015148,12.780401349083732,15.691667878064468
1704792015163,29.508661260017277,28.30765797917715
1704792015180,64.86680089862351,26.21755147895507
1704792015201,63.49028215333536,27.869273013018326
1704792015210,63.60452417277963,25.179226427227672
1704792015225,nan,nan
1704792015246,64.46302845481985,25.905730231362362
1704792015260,nan,nan
1704792015284,63.187562587868236,25.74823278233283
1704792015290,nan,nan
1704792015308,41.250722539306814,25.407312003545066
1704792015322,nan,nan
1704792015340,nan,nan
1704792015358,nan,nan
1704792015373,23.908110773218162,34.724802515102084
1704792015387,nan,nan
1704792015408,13.240341889742023,27.032596446245126
1704792015420,nan,nan
1704792015435,nan,nan
1704792015452,nan,nan
1704792015467,nan,nan
1704792015485,nan,nan
1704792015502,nan,nan
1704792015517,nan,nan
1704792015532,nan,nan
1704792015550,nan,nan
1704792015565,nan,nan
1704792015583,nan,nan
1704792015597,nan,nan
1704792015615,nan,nan
1704792015632,nan,nan
1704792015646,nan,nan
1704792015664,nan,nan
1704792015678,nan,nan
1704792015696,nan,nan
1704792015713,nan,nan
1704792015728,nan,nan
1704792015746,nan,nan
1704792015760,nan,nan
1704792015775,nan,nan
1704792015793,nan,nan
1704792015813,15.185706087093674,0.3483261268353083
1704792015827,25.194339008985203,4.791819130613577
1704792015845,24.481042956265636,6.546321515987855
1704792015860,27.933526109359672,6.302669662283538
1704792015878,24.82152612261071,6.074117303437442
1704792015896,28.048254272939978,6.148397455297324
1704792015910,25.869204006831488,9.071888472919165
1704792015925,27.47204623164289,5.35802505757636
1704792015943,26.886574669969647,7.80145422834477
1704792015958,36.208021764757135,13.005817436044207
1704792015975,34.147851848258355,17.56915585035533
1704792015991,36.88790311163146,21.08749271277607
1704792016005,34.83455627363938,22.108565097778445
1704792016023,36.590355419687924,22.027121974015326
1704792016037,36.082685323313136,21.99563986496204
1704792016055,35.95539548625623,22.06369721196254
1704792016070,36.06399367507259,22.181255878227077
1704792016085,36.07353044619808,22.108090316388147
1704792016103,35.82642575217005,22.404181607882997
1704792016118,36.02162645949647,22.375746204628264
1704792016136,36.11232752843257,22.34224979085203
1704792016151,35.55835084203021,22.393242007267215
1704792016169,33.59782498599793,23.605464266087456
1704792016187,34.70045841368454,23.054831637838
1704792016199,34.151821876126704,23.359527762575492
1704792016216,34.170541536819286,23.461744654074472
1704792016234,33.92087053271683,23.42505748262462
1704792016249,34.04475762108734,23.388795478701233
1704792016267,34.13937604002796,23.38912020233454
1704792016282,34.17809563096146,23.30993702102551
1704792016300,34.11627498294628,23.21684421289528
1704792016315,34.02325932942385,23.0803273385639
1704792016333,34.06295503591302,22.91313958793997
1704792016347,34.065421320869014,22.867240341786655
1704792016361,33.95210302795972,22.81434914010952
1704792016379,34.07377051343452,22.94601764232193
1704792016397,34.001987110245096,23.227561184322397
1704792016412,34.07765020758958,23.347694099714985
1704792016427,34.400734170252626,23.394289964279704
1704792016444,34.391648720023724,23.39717998822619
1704792016459,34.55462272883047,23.288157452730754
1704792016477,34.48882899722313,22.95532640567373
1704792016495,34.37527751073172,23.1405471632863
1704792016507,34.283820966261054,23.107176915766093
1704792016525,34.029412316193735,23.597095831875684
1704792016540,35.40200550341374,21.929626675100057
1704792016558,33.08127539572885,21.844854420116057
1704792016573,35.30415907384775,21.971293836205675
1704792016591,34.57796951266836,22.56150882683439
1704792016606,34.54542674371177,22.51928465936116
1704792016624,34.54600815275609,22.886505274601205
1704792016639,34.55235558269301,22.81188924359672
1704792016654,34.66496910259929,22.860993159546727
1704792016669,34.69760544258926,22.90261820030238
1704792016687,34.64607013122243,22.65725118331732
1704792016705,34.7294240591518,22.80382933544669
1704792016720,34.51453514696086,22.993246106942482
1704792016737,34.51952929708529,22.95328710594554
1704792016752,33.31152486222007,24.241838766336805
1704792016769,35.44341085431651,21.75096969376973
1704792016786,34.46594035664524,22.840496702768313
1704792016801,35.37453917455644,21.439894346672425
1704792016816,34.89043033139253,22.77377652405821
1704792016833,34.95958182635574,20.003685285336513
1704792016848,33.44673551673477,19.96805250658003
1704792016866,35.03134218772175,20.286917350203762
1704792016883,34.52700795356111,20.817946145881937
1704792016898,34.651970533582116,20.729105892929486
1704792016913,34.93581848073569,20.65002534107569
1704792016931,34.97075002870101,20.457349816833204
1704792016949,34.71794767531259,20.285829592345024
1704792016961,34.640758602876105,20.295951957875644
1704792016979,34.440150973337886,20.37285761736498
1704792016997,34.46819286936541,20.45062237180538
1704792017012,34.7024760753297,20.201356127093604
1704792017026,34.8061799965484,20.30002359993199
1704792017044,37.831680381832186,20.63031639523826
1704792017058,35.5068901869921,23.2456423233643
1704792017079,37.46811228934198,28.508733132542723
1704792017094,36.86193946217624,35.98125528819276
1704792017109,nan,nan
1704792017124,nan,nan
1704792017142,nan,nan
1704792017159,nan,nan
1704792017174,nan,nan
1704792017192,nan,nan
1704792017207,nan,nan
1704792017222,nan,nan
1704792017240,nan,nan
1704792017255,nan,nan
1704792017269,nan,nan
1704792017285,nan,nan
1704792017303,nan,nan
1704792017318,nan,nan
1704792017336,nan,nan
1704792017351,nan,nan
1704792017369,nan,nan
1704792017384,nan,nan
1704792017399,nan,nan
1704792017414,nan,nan
1704792017432,nan,nan
1704792017450,nan,nan
1704792017465,nan,nan
1704792017480,nan,nan
1704792017497,47.51366230884118,7.478796185149399
1704792017512,nan,nan
1704792017529,nan,nan
1704792017544,nan,nan
1704792017561,nan,nan
1704792017575,nan,nan
1704792017596,nan,nan
1704792017611,nan,nan
1704792017626,nan,nan
1704792017647,nan,nan
1704792017659,nan,nan
1704792017677,nan,nan
1704792017694,nan,nan
1704792017709,nan,nan
1704792017724,nan,nan
1704792017738,nan,nan
1704792017756,nan,nan
1704792017771,nan,nan
1704792017789,nan,nan
1704792017804,nan,nan
1704792017822,nan,nan
1704792017834,nan,nan
1704792017855,nan,nan
1704792017867,nan,nan
1704792017887,nan,nan
1704792017902,nan,nan
1704792017917,nan,nan
1704792017935,nan,nan
1704792017950,nan,nan
1704792017968,nan,nan
1704792017982,nan,nan
1704792018000,nan,nan
1704792018015,nan,nan
1704792018032,nan,nan
1704792018047,nan,nan
1704792018065,nan,nan
1704792018080,nan,nan
1704792018097,nan,nan
1704792018115,nan,nan
1704792018130,nan,nan
1704792018145,nan,nan
1704792018160,nan,nan
1704792018178,nan,nan
1704792018196,nan,nan
1704792018211,nan,nan
1704792018226,nan,nan
1704792018246,nan,nan
1704792018264,nan,nan
1704792018276,nan,nan
1704792018291,nan,nan
1704792018308,nan,nan
1704792018326,nan,nan
1704792018341,nan,nan
1704792018359,nan,nan
1704792018371,nan,nan
1704792018392,nan,nan
1704792018404,nan,nan
1704792018425,nan,nan
1704792018437,nan,nan
1704792018455,nan,nan
1704792018469,nan,nan
1704792018487,nan,nan
1704792018502,nan,nan
1704792018520,nan,nan
1704792018535,nan,nan
1704792018553,nan,nan
1704792018568,nan,nan
1704792018586,nan,nan
1704792018601,nan,nan
1704792018621,nan,nan
1704792018633,nan,nan
1704792018651,nan,nan
1704792018666,nan,nan
1704792018684,nan,nan
1704792018702,nan,nan
1704792018717,nan,nan
1704792018731,nan,nan
1704792018748,nan,nan
1704792018765,nan,nan
1704792018780,nan,nan
1704792018798,nan,nan
1704792018816,21.117839186582195,26.228433618426735
1704792018831,21.294587434395726,26.55820362891744
1704792018846,21.73161230023065,26.722115491025416
1704792018860,15.996030123168842,31.409698653310492
1704792018878,17.9453534384942,29.631706666674855
1704792018896,16.706102165984124,30.494592045598736
1704792018911,17.411936998118048,30.419574965166923
1704792018925,17.27499462977745,30.51923896760701
1704792018943,17.261866637521713,30.760476835114144
1704792018958,17.23706565420825,31.03123785074255
1704792018978,17.269285429649862,31.082240710241823
1704792018990,17.301439789556376,31.049152794342262
1704792019005,17.17830965529615,30.99487922382567
1704792019023,17.172076067951124,31.001476473411515
1704792019041,17.319962445805725,30.948056524734742
1704792019056,17.224787205896117,30.822381502182086
1704792019073,17.289165788888806,30.707813995113405
1704792019088,17.189602224835788,30.36371036841622
1704792019103,16.995698679448754,30.350578531468397
1704792019127,16.93350737339043,30.422491198876124
1704792019136,16.89752765472128,30.38451463869728
1704792019151,15.537113464226493,28.628286295604944
1704792019169,16.74268367333526,29.977981780155496
1704792019186,16.761154631638973,30.01523555729837
1704792019203,16.71347128908071,30.160215305070633
1704792019218,16.756096681804486,30.74271587383247
1704792019236,16.755592065504793,30.70988402210051
1704792019251,16.819754056361983,30.80381942561218
1704792019266,15.867616626396488,30.546635525177
1704792019284,12.190238928775486,31.102560574743354
1704792019298,14.306834199448447,29.530947596936976
1704792019315,9.704496090208945,29.017249089512358
1704792019333,13.926298483365496,29.868421022646466
1704792019348,13.28964980789643,29.927235329995337
1704792019363,13.299161099881381,30.01502145315162
1704792019381,13.419029604241011,30.367083618377144
1704792019396,7.766293958442879,27.92755607877759
1704792019411,nan,nan
1704792019426,nan,nan
1704792019443,nan,nan
1704792019460,nan,nan
1704792019481,nan,nan
1704792019493,nan,nan
1704792019513,15.27039487874855,24.161158295801158
1704792019525,nan,nan
1704792019546,25.180600335823303,37.237958607671295
1704792019558,nan,nan
1704792019573,nan,nan
1704792019588,nan,nan
1704792019606,nan,nan
1704792019624,nan,nan
1704792019639,nan,nan
1704792019654,nan,nan
1704792019671,nan,nan
1704792019688,nan,nan
1704792019703,nan,nan
1704792019718,nan,nan
1704792019736,nan,nan
1704792019751,nan,nan
1704792019769,nan,nan
1704792019784,nan,nan
1704792019802,nan,nan
1704792019816,nan,nan
1704792019834,nan,nan
1704792019849,nan,nan
1704792019866,nan,nan
1704792019881,nan,nan
1704792019896,nan,nan
1704792019914,nan,nan
1704792019932,nan,nan
1704792019947,nan,nan
1704792019964,nan,nan
1704792019979,nan,nan
1704792020000,nan,nan
1704792020012,nan,nan
1704792020027,nan,nan
1704792020044,nan,nan
1704792020061,nan,nan
1704792020078,nan,nan
1704792020095,nan,nan
1704792020107,nan,nan
1704792020125,nan,nan
1704792020146,nan,nan
1704792020158,29.43757620272231,28.327301364435172
1704792020176,25.43202012899785,17.849717952261045
1704792020191,25.409805427028445,12.74225978702757
1704792020208,32.41668218884837,13.597996971252119
1704792020223,30.701191798566118,15.685977305664077
1704792020241,31.782546458923242,13.947819257142887
1704792020256,31.371963631981316,15.016579545420381
1704792020273,31.26745968228939,15.370350044952627
1704792020288,31.194269394322703,15.20914471247406
1704792020306,31.19413053955649,15.159324078036464
1704792020320,31.147207057527336,15.193768860117729
1704792020335,31.123094411535728,15.054184977526253
1704792020353,30.84544739952739,15.195853070703041
1704792020368,30.854658841365005,15.371363230195913
1704792020386,30.490226431450182,15.592882256017502
1704792020401,30.4799967880321,15.563390104308207
1704792020419,30.670240042613916,15.478897979489732
1704792020437,30.672031415082465,15.183731492181064
1704792020452,30.82801871965534,14.448867453875222
1704792020467,30.933540747522287,14.243388316645694
1704792020482,30.737856915394367,14.274549683381059
1704792020503,31.160382826895543,14.954548215012728
1704792020517,31.274336145426062,15.4672593388201
1704792020531,33.11876085154686,15.24996462685554
1704792020549,32.120264955740346,16.404447012051133
1704792020564,32.01710012559198,16.405304798600845
1704792020585,32.14431723798971,17.33366671487248
1704792020597,32.18972375612638,17.529598498260814
1704792020612,32.0804745680656,17.5891881784672
1704792020629,32.07859266119042,17.670110767086587
1704792020647,31.97944605412351,17.041037690435182
1704792020662,31.81742127202313,16.905951255724847
1704792020677,31.859319627204762,17.111618122342847
1704792020695,31.98365534080774,17.288244788935415
1704792020712,32.09028012960547,17.115281538073333
1704792020727,31.99978849526424,16.98670029948525
1704792020741,32.01318746156007,16.58036023389138
1704792020758,31.97740284632367,16.27002851186683
1704792020776,30.197756843444257,17.645857644020886
1704792020791,35.087825949012135,18.069105601994398
1704792020811,34.73638536223265,19.024753534828797
1704792020823,34.70377236531158,18.15165128129515
1704792020841,34.51453700927943,18.379512072406435
1704792020859,34.51396012325952,18.224183991433463
1704792020874,34.4725287342579,18.260347582096742
1704792020889,34.312935743021114,18.0844728981773
1704792020904,34.35919833506324,18.4356369498649
1704792020922,34.002458757273786,18.656109258192547
1704792020937,34.10276423101683,18.579781152721885
1704792020955,34.33189158494469,18.838960618648294
1704792020973,34.382883423836695,18.7219854102319
1704792020988,34.332438457732245,18.62229602483433
1704792021002,34.18671798807461,18.771761056904268
1704792021017,33.634144024499115,18.84375828058922
1704792021035,33.553388167225755,18.67693615669639
1704792021050,34.46501369978975,17.55694937805493
1704792021070,34.23822565428587,18.038571646335342
1704792021084,35.80910461242048,16.49019790188195
1704792021102,35.12922465439134,17.456757977797444
1704792021117,35.93256351033162,16.581084900238743
1704792021132,36.039140820523656,17.102775456758323
1704792021153,36.09705171870615,17.000699498159214
1704792021165,36.0712364328692,16.672122085896394
1704792021180,35.960727120319795,16.67041009119883
1704792021198,35.67299840061052,16.366229854324477
1704792021216,35.65762162857631,16.47589428922906
1704792021231,35.566780402595974,16.615736872988876
1704792021248,35.678176506155296,16.665979571062422
1704792021263,35.63563557000103,16.741777948029828
1704792021281,35.456427807186444,16.505071920027024
1704792021299,35.22609593720755,16.55029350304119
1704792021311,34.96851726520921,16.409669080387804
1704792021329,34.89820070508653,16.58860418274808
1704792021344,34.86492354777524,16.54992095704536
1704792021362,35.029945037991595,16.67920114713065
1704792021375,35.05393121739271,16.680661567655097
1704792021393,35.070522190845054,16.583798937266927
1704792021408,35.14736865017095,16.67210857946552
1704792021426,35.08056070504623,16.636190473961122
1704792021441,35.059495281750564,16.555120767098792
1704792021456,35.002901316292665,16.696920038557145
1704792021474,34.891386178476196,16.75789642676025
1704792021489,34.78936161379963,16.902736806667047
1704792021507,37.1931259147851,21.986325875143415
1704792021522,36.98051180191081,24.191932642502664
1704792021537,38.28726641321633,35.741412409248866
1704792021555,38.017132543993824,37.13966535056928
1704792021573,nan,nan
1704792021588,nan,nan
1704792021603,nan,nan
1704792021618,nan,nan
1704792021638,nan,nan
1704792021653,nan,nan
1704792021668,nan,nan
1704792021683,nan,nan
1704792021701,nan,nan
1704792021721,39.76820171747537,37.24300778019316
1704792021732,nan,nan
1704792021749,nan,nan
1704792021764,nan,nan
1704792021781,nan,nan
1704792021799,21.40206192457879,29.70622464158722
1704792021811,nan,nan
1704792021829,nan,nan
1704792021844,nan,nan
1704792021864,nan,nan
1704792021879,nan,nan
1704792021891,nan,nan
1704792021909,nan,nan
1704792021926,nan,nan
1704792021944,nan,nan
1704792021956,nan,nan
1704792021976,nan,nan
1704792021991,nan,nan
1704792022006,nan,nan
1704792022024,nan,nan
1704792022039,nan,nan
1704792022054,nan,nan
1704792022072,nan,nan
1704792022090,nan,nan
1704792022105,nan,nan
1704792022121,nan,nan
1704792022135,nan,nan
1704792022152,nan,nan
1704792022169,nan,nan
1704792022184,nan,nan
1704792022202,nan,nan
1704792022217,nan,nan
1704792022238,nan,nan
1704792022250,nan,nan
1704792022268,nan,nan
1704792022286,nan,nan
1704792022298,nan,nan
1704792022316,nan,nan
1704792022331,nan,nan
1704792022349,nan,nan
1704792022363,nan,nan
1704792022381,nan,nan
1704792022396,nan,nan
1704792022414,nan,nan
1704792022429,nan,nan
1704792022447,nan,nan
1704792022459,nan,nan
1704792022479,nan,nan
1704792022493,nan,nan
1704792022511,nan,nan
1704792022526,nan,nan
1704792022544,nan,nan
1704792022559,nan,nan
1704792022580,nan,nan
1704792022592,nan,nan
1704792022606,nan,nan
1704792022624,nan,nan
1704792022642,nan,nan
1704792022654,nan,nan
1704792022672,nan,nan
1704792022690,nan,nan
1704792022704,nan,nan
1704792022722,nan,nan
1704792022736,nan,nan
1704792022754,nan,nan
1704792022769,nan,nan
1704792022786,nan,nan
1704792022803,nan,nan
1704792022818,nan,nan
1704792022836,nan,nan
1704792022851,nan,nan
1704792022875,nan,nan
1704792022884,nan,nan
1704792022901,nan,nan
1704792022918,nan,nan
1704792022936,nan,nan
1704792022950,nan,nan
1704792022965,nan,nan
1704792022980,nan,nan
1704792023004,nan,nan
1704792023013,nan,nan
1704792023031,nan,nan
1704792023046,nan,nan
1704792023067,16.928768174830527,22.967423628884475
1704792023081,17.006773332836705,23.292489108885704
1704792023096,17.139121255080354,23.508923054434376
1704792023113,nan,nan
1704792023128,17.630129540750364,23.827030378161563
1704792023146,nan,nan
1704792023161,17.72900870061146,24.145263687134136
1704792023176,15.565566419630427,26.989306293999217
1704792023191,16.034866493000308,27.455329218183827
1704792023209,15.33432947458885,29.145817252609536
1704792023224,15.846053311559263,28.013864229479935
1704792023243,15.565883896489112,28.440232783324852
1704792023258,15.30734694404671,28.48729010535932
1704792023273,15.175782923590063,28.692460525874434
1704792023289,14.991080169678373,28.709302627051574
1704792023306,12.577426699327823,28.701576783804146
1704792023321,12.314215602311148,28.844664893594146
1704792023339,9.140443634887774,29.266503540850636
1704792023357,10.479827151300144,27.29685054316116
1704792023372,7.978948826598213,29.08820335048007
1704792023387,10.14117609337552,28.553086137181275
1704792023404,8.258746061854275,29.68992142897551
1704792023419,9.785742100028513,28.604133753909064
1704792023440,9.724642678185337,28.29657122682275
1704792023452,9.376287529614537,28.15106190916377
1704792023469,9.270489257523687,28.080997822237308
1704792023484,9.263415170815621,28.068274102532524
1704792023502,9.163173311166386,28.303113591834954
1704792023517,10.121094351814689,27.058525921402115
1704792023532,9.287905361347068,27.869175232933635
1704792023550,16.194860777838066,22.92128413077834
1704792023571,15.75483778767456,24.01033072094246
1704792023580,27.840194576761526,16.805805723414075
1704792023600,25.702675917825896,18.125878415333567
1704792023617,28.54170345914739,16.727332810651
1704792023632,27.818845751162996,18.292148937644953
1704792023647,28.80886641999043,17.54247731658329
1704792023664,28.371860884292154,18.25192041296512
1704792023681,28.429770848011266,18.270806491773104
1704792023698,28.36447772390551,17.823320087225287
1704792023713,28.44670057956717,17.945452986505632
1704792023728,28.175647868081853,18.124294660004793
1704792023745,28.236962605160592,18.363116715514458
1704792023760,28.399114275891552,18.59814514715704
1704792023778,28.450293581038427,18.48649755006679
1704792023796,28.652807551760077,18.257565860322572
1704792023814,28.624320069241058,18.175104891759904
1704792023829,28.598132603600526,17.693316827851238
1704792023846,28.556018147325627,17.73883638963137
1704792023867,28.41205310051653,18.074647627403852
1704792023879,32.29505696395863,19.78989224611314
1704792023895,30.749691560642468,20.1119422088471
1704792023909,31.833186974876835,19.313377637272797
1704792023926,31.369558635283276,20.455977494275018
1704792023940,31.238723973981262,20.533676717539137
1704792023955,31.135244074093965,20.450070070494245
1704792023973,31.278556629340212,20.479520529107873
1704792023991,31.26724833560543,20.234059534983103
1704792024006,31.294212008126124,20.031190441258218
1704792024021,31.345087445077205,20.20707486272706
1704792024036,31.200412646284548,20.372177868532987
1704792024054,31.262172727231636,20.526672691946025
1704792024069,31.33109317951156,20.690032666895913
1704792024090,31.115452708349938,20.642410821743738
1704792024102,31.30030274092477,20.66591816876083
1704792024120,31.276952565733783,20.53463076606257
1704792024134,33.393551351748066,20.02004161549975
1704792024151,31.978667207856265,20.5774681725874
1704792024166,32.38539093482755,20.60844281358956
1704792024184,32.63689807618575,20.25424789176699
1704792024199,32.63122833982692,20.337449195843533
1704792024217,32.71382064276127,20.26981688173326
1704792024235,32.65375568443798,20.350816297071205
1704792024256,32.5306681940938,20.644232047774658
1704792024264,32.36842677409392,20.67031174833737
1704792024279,32.43217672600847,20.666021297455725
1704792024297,32.30183178149749,20.63821646815457
1704792024315,32.40844527495875,20.566742629796423
1704792024330,32.47701979708076,20.535094616622736
1704792024348,32.55592443381238,20.53626692714844
1704792024360,32.474362690558365,20.5733866340105
1704792024378,32.23680736575287,20.48378246255642
1704792024396,32.22735052785019,20.394527530754797
1704792024408,32.10825697358529,20.736491642836356
1704792024426,32.02020899067958,20.71598952182938
1704792024441,31.95571075179931,20.948797982070012
1704792024459,31.829621826112568,21.00446390290731
1704792024474,31.521109287511266,20.686733857867594
1704792024492,31.56885170924016,20.612102028264196
1704792024507,31.7925925016167,20.4217765050337
1704792024524,31.82572639833908,20.388277944722933
1704792024547,31.076182237871432,22.079194616626786
1704792024556,34.03113871607621,21.629140933734455
1704792024571,34.03189798813657,21.841941669820223
1704792024589,34.093429295098446,21.770396861751838
1704792024607,34.02751583020566,21.993796528046037
1704792024624,34.1993733969693,22.219632571042315
1704792024638,34.12870577390438,22.323040455156345
1704792024653,34.2442377029135,22.396059205562704
1704792024671,34.31633721612669,22.183653810495198
1704792024688,34.16384630244567,21.88061938248355
1704792024705,34.10049986913874,21.59199150643614
1704792024717,34.1029604161982,21.59308248181258
1704792024734,34.31126221667871,21.59627071086399
1704792024752,34.809665599693346,19.631341513923527
1704792024767,34.483343906033255,19.639135932364628
1704792024782,34.69765258070077,18.47155996104321
1704792024800,34.34515781539304,18.740749005953557
1704792024818,34.50774175339253,18.831978179579487
1704792024833,34.43538014963754,18.91901857955292
1704792024851,34.458511805634075,19.19825698155707
1704792024865,34.55496638382482,19.2344853226505
1704792024880,34.50517010017462,19.221241735907196
1704792024897,34.515981554362696,19.141374148875887
1704792024915,34.69773560461126,19.323782967403154
1704792024930,34.80723649624148,19.328465709631537
1704792024948,34.80170720813748,19.25415730463843
1704792024962,34.690868781160844,19.546479680871045
1704792024976,34.7527820189738,19.52680424662672
1704792025000,34.56377877212007,19.607647228542234
1704792025012,34.616132856839926,19.570451558980448
1704792025026,34.699401152608125,19.54483345341657
1704792025044,34.71962929467531,19.525074325189227
1704792025058,34.86131772829246,19.440906014736676
1704792025075,34.956168154627576,19.61298444150994
1704792025090,34.9350668906113,19.52672083005977
1704792025108,34.92485505473243,19.554455838358567
1704792025123,34.74296175783368,19.68605899905401
1704792025141,34.66000914251795,19.640843703554445
1704792025159,34.96879036011391,19.987997773338744
1704792025171,34.99253970750059,19.992690553998838
1704792025188,35.10885417577966,20.08123872808377
1704792025205,35.21721659058773,20.271678774315642
1704792025223,35.17572724809635,20.67098078441002
1704792025241,38.32075683903884,31.93370817992122
1704792025256,35.1972220692565,32.317730511615714
1704792025271,nan,nan
1704792025286,nan,nan
1704792025303,nan,nan
1704792025318,nan,nan
1704792025335,nan,nan
1704792025349,nan,nan
1704792025367,nan,nan
1704792025385,nan,nan
1704792025402,nan,nan
1704792025414,nan,nan
1704792025432,nan,nan
1704792025449,nan,nan
1704792025466,nan,nan
1704792025481,nan,nan
1704792025496,30.33814379345291,36.29404825767255
1704792025514,27.930744723489475,37.600336110005
1704792025526,nan,nan
1704792025544,nan,nan
1704792025561,nan,nan
1704792025575,nan,nan
1704792025596,nan,nan
1704792025607,nan,nan
1704792025624,nan,nan
1704792025639,nan,nan
1704792025660,nan,nan
1704792025672,nan,nan
1704792025690,nan,nan
1704792025705,nan,nan
1704792025720,nan,nan
1704792025738,nan,nan
1704792025755,nan,nan
1704792025772,nan,nan
1704792025787,nan,nan
1704792025805,nan,nan
1704792025819,nan,nan
1704792025837,nan,nan
1704792025852,nan,nan
1704792025873,nan,nan
1704792025887,nan,nan
1704792025899,nan,nan
1704792025917,nan,nan
1704792025932,nan,nan
1704792025950,nan,nan
1704792025965,nan,nan
1704792025982,nan,nan
1704792025997,nan,nan
1704792026015,nan,nan
1704792026034,nan,nan
1704792026048,nan,nan
1704792026066,29.465633378939405,28.31338846262215
1704792026080,30.03461743307065,3.982657229860135
1704792026098,45.27359707296233,16.13936938781078
1704792026113,nan,nan
1704792026130,42.646584060992346,10.343559595944267
1704792026142,nan,nan
1704792026163,nan,nan
1704792026175,nan,nan
1704792026196,42.33233643747288,9.023280983810203
1704792026207,nan,nan
1704792026224,nan,nan
1704792026244,40.05916364935561,20.52193074546174
1704792026258,41.481353173996105,20.9575353823326
1704792026276,nan,nan
1704792026288,nan,nan
1704792026306,nan,nan
1704792026324,nan,nan
1704792026342,7.8790686925621145,13.40401330271771
1704792026354,nan,nan
1704792026372,nan,nan
1704792026387,nan,nan
1704792026405,nan,nan
1704792026423,59.12230912080283,29.891729087171065
1704792026441,59.79861719378571,15.212475554677663
1704792026456,56.961994164317936,17.416157268104634
1704792026474,74.14031082571917,15.684809003374921
1704792026486,75.39314134687875,19.205696730189537
1704792026501,nan,nan
1704792026522,58.56183282801899,36.620237667640666
1704792026539,12.302088664922785,23.95780856792106
1704792026553,12.013252006336556,27.49626162756906
1704792026570,13.020269429665637,23.941415547433174
1704792026586,29.508690160556693,28.297182188365724
1704792026604,8.157579017768521,27.41138173352944
1704792026619,5.611869407597765,27.21490926888361
1704792026634,5.273312779241076,28.07851522698243
1704792026649,nan,nan
1704792026667,5.763147096849191,28.16227319224252
1704792026682,nan,nan
1704792026699,6.0685556306339326,28.228457770797977
1704792026711,nan,nan
1704792026731,6.177459806023479,28.699187444891905
1704792026743,nan,nan
1704792026764,nan,nan
1704792026776,nan,nan
1704792026794,nan,nan
1704792026809,nan,nan
1704792026830,nan,nan
1704792026842,nan,nan
1704792026860,nan,nan
1704792026875,39.906836981842304,24.85273214428438
1704792026890,nan,nan
1704792026911,37.809893490706784,26.14567618230185
1704792026920,nan,nan
1704792026938,nan,nan
1704792026956,nan,nan
1704792026973,nan,nan
1704792026988,nan,nan
1704792027006,nan,nan
1704792027018,nan,nan
1704792027042,nan,nan
1704792027053,nan,nan
1704792027068,nan,nan
1704792027086,nan,nan
1704792027104,nan,nan
1704792027119,nan,nan
1704792027134,nan,nan
1704792027149,nan,nan
1704792027167,nan,nan
1704792027185,nan,nan
1704792027197,nan,nan
1704792027217,nan,nan
1704792027231,nan,nan
1704792027249,nan,nan
1704792027263,nan,nan
1704792027281,nan,nan
1704792027296,nan,nan
1704792027314,nan,nan
1704792027329,44.25738366788055,11.458424527555847
1704792027344,nan,nan
1704792027361,nan,nan
1704792027376,nan,nan
1704792027397,22.831573722337257,3.640040143677739
1704792027409,nan,nan
1704792027430,35.73735111110724,6.127282253053239
1704792027445,nan,nan
1704792027460,46.10919206672788,29.352609599464053
1704792027475,nan,nan
1704792027493,nan,nan
1704792027506,nan,nan
1704792027521,nan,nan
1704792027545,nan,nan
1704792027556,nan,nan
1704792027571,nan,nan
1704792027586,nan,nan
1704792027604,nan,nan
1704792027622,nan,nan
1704792027637,nan,nan
1704792027651,nan,nan
1704792027669,nan,nan
1704792027687,nan,nan
1704792027700,nan,nan
1704792027718,nan,nan
1704792027733,nan,nan
1704792027754,18.477285754790106,26.784023847627772
1704792027766,31.787011725310794,17.247416707333247
1704792027784,30.303237463661915,19.630012671503188
1704792027802,32.0807084321386,17.90388844005862
1704792027817,31.49479762337393,18.894858403659626
1704792027834,31.568870869631144,19.07691842534912
1704792027849,31.82110871204012,19.424426040939963
1704792027864,32.73468295008123,22.144751505487662
1704792027881,32.14352471205289,23.3529692716601
1704792027902,32.455228756752525,22.60553679573637
1704792027914,32.61916295502391,22.87137151465077
1704792027931,32.82373652229421,23.029949657836507
1704792027946,32.92041371915573,22.847967575715085
1704792027964,32.982547406025276,22.81556699791769
1704792027979,32.78538063864723,22.959196915778406
1704792027995,32.67864835703079,22.83371360653099
1704792028013,32.422937282295926,22.870043107991492
1704792028028,32.498724623533974,22.87639891072241
1704792028046,32.661131286918184,23.046529760740597
1704792028061,32.860092063584624,23.1836424127642
1704792028075,33.03216018526518,23.505944773406
1704792028090,33.09467475814302,23.346807833394696
1704792028107,32.92467463029587,22.999409004367852
1704792028125,32.81745658907548,22.987509754310373
1704792028140,32.694894808029474,22.73032511464512
1704792028158,32.54937604361529,22.72065824754835
1704792028173,32.61173214350348,22.641914475685898
1704792028191,32.63184431454238,22.65524322036743
1704792028209,32.50325183510476,23.124382644077954
1704792028223,32.55563894557082,23.125301180788398
1704792028237,32.41319936178796,23.348270009753602
1704792028255,32.3735871378247,23.305659314268198
1704792028270,32.44885662486431,23.360782560936165
1704792028288,32.39389510884548,23.408813747219096
1704792028303,32.51957895311192,23.366610468928457
1704792028321,32.55821801141563,23.270458264688127
1704792028336,32.725186621109586,22.719631046871733
1704792028354,32.768122425931125,22.79233722193352
1704792028368,32.60997385769293,23.212228874407568
1704792028383,35.14165378004614,24.161982479471636
1704792028401,32.620006227789176,23.79697690982211
1704792028418,35.20772632190998,24.417324391492233
1704792028433,32.479889624802766,23.368736818963647
1704792028450,35.1440023313715,24.19208970918999
1704792028467,32.20583985156795,23.100394978243617
1704792028485,35.03825786966353,24.137161108612297
1704792028497,32.20216668889917,23.37213555071761
1704792028515,35.138787101468445,24.308739585327764
1704792028530,32.221974114105116,23.855691406523146
1704792028548,35.552825522140566,23.79983719163234
1704792028563,31.519161554183324,23.28141780049713
1704792028578,35.410374587214655,24.1544905564727
1704792028596,31.39911924951049,24.652555262101888
1704792028614,35.056279989037016,24.528193523380267
1704792028628,32.36240292603753,23.56946251420207
1704792028647,35.156426444541275,24.578245148858226
1704792028659,32.511057552605386,23.415047697021805
1704792028677,35.21469446586851,24.455231996425713
1704792028691,32.3134350756805,23.677761247319932
1704792028712,35.14807969183233,24.60644248661828
1704792028727,32.56388150497815,23.629214978300148
1704792028742,35.22319683561288,24.538959474305567
1704792028757,32.787506190176835,23.836969310551343
1704792028774,35.166753186862735,24.72306380543828
1704792028792,32.56488084141708,24.17915771661779
1704792028807,35.0551940849145,24.71738797205943
1704792028821,32.441073959739434,23.91887850317246
1704792028839,35.047696508413324,24.451005020170857
1704792028854,32.511083828893796,23.387291487683754
1704792028872,35.048854917114134,24.067646888973925
1704792028887,32.30242859518596,23.247971390252303
1704792028904,35.04917614590457,23.775009048681913
1704792028924,32.23158706435945,23.270225091992195
1704792028936,35.084019448864765,23.45116555733269
1704792028951,32.364031988336585,22.72815944083678
1704792028969,35.29050746529027,23.06413803870026
1704792028984,32.561351381218444,22.794763698653075
1704792029002,35.46684184158087,23.07730601681286
1704792029017,32.82369761465349,22.856743430516552
1704792029035,36.0189227394155,21.919914676642552
1704792029050,33.109357073566365,22.2256962684972
1704792029070,35.75309855539448,22.53998380033468
1704792029082,33.032855911523896,21.981590011403
1704792029100,35.732658609379975,22.580973218530207
1704792029115,31.84663957904552,23.413419915385024
1704792029133,35.937961292693615,22.19610300536676
1704792029148,31.56752948868833,21.47308191857415
1704792029163,35.78450475636492,22.138385219504915
1704792029181,32.68618449672497,21.77624593643227
1704792029195,35.58546799951435,22.472357769175808
1704792029210,32.91337491614432,22.20273044796544
1704792029227,37.55411703160171,29.380379012283413
1704792029245,34.381241760110136,29.82005881964284
1704792029260,nan,nan
1704792029278,nan,nan
1704792029293,nan,nan
1704792029308,nan,nan
1704792029326,nan,nan
1704792029341,nan,nan
1704792029361,nan,nan
1704792029375,nan,nan
1704792029392,nan,nan
1704792029407,nan,nan
1704792029425,nan,nan
1704792029443,nan,nan
1704792029458,nan,nan
1704792029470,nan,nan
1704792029488,nan,nan
1704792029508,nan,nan
1704792029520,nan,nan
1704792029538,nan,nan
1704792029553,nan,nan
1704792029570,nan,nan
1704792029585,nan,nan
1704792029600,nan,nan
1704792029615,nan,nan
1704792029633,nan,nan
1704792029648,nan,nan
1704792029663,nan,nan
1704792029678,nan,nan
1704792029696,nan,nan
1704792029711,nan,nan
1704792029729,nan,nan
1704792029747,nan,nan
1704792029762,nan,nan
1704792029780,nan,nan
1704792029795,nan,nan
1704792029810,nan,nan
1704792029828,nan,nan
1704792029843,nan,nan
1704792029861,nan,nan
1704792029875,nan,nan
1704792029893,nan,nan
1704792029908,nan,nan
1704792029929,nan,nan
1704792029940,nan,nan
1704792029955,nan,nan
1704792029973,nan,nan
1704792029991,nan,nan
1704792030008,nan,nan
1704792030019,nan,nan
1704792030040,nan,nan
1704792030052,nan,nan
1704792030073,nan,nan
1704792030088,nan,nan
1704792030103,nan,nan
1704792030121,nan,nan
1704792030136,nan,nan
1704792030154,37.12598785763102,14.698343083678624
1704792030168,nan,nan
1704792030183,nan,nan
1704792030201,nan,nan
1704792030216,nan,nan
1704792030233,nan,nan
1704792030248,nan,nan
1704792030263,nan,nan
1704792030281,nan,nan
1704792030299,nan,nan
1704792030314,nan,nan
1704792030332,nan,nan
1704792030347,nan,nan
1704792030362,nan,nan
1704792030377,nan,nan
1704792030395,nan,nan
1704792030409,nan,nan
1704792030430,nan,nan
1704792030442,nan,nan
1704792030460,nan,nan
1704792030475,nan,nan
1704792030489,nan,nan
1704792030510,nan,nan
1704792030522,nan,nan
1704792030539,nan,nan
1704792030557,nan,nan
1704792030575,nan,nan
1704792030589,nan,nan
1704792030610,48.23877917761671,23.65130172913943
1704792030622,22.541838934940298,15.02023338092737
1704792030639,20.171578932179997,16.82031573455919
1704792030660,21.720756503612616,13.87152191311103
1704792030672,22.09393693529792,16.252328000768703
1704792030689,21.992156709704517,14.969402017257053
1704792030704,22.10041956887587,16.291456497202365
1704792030722,21.943727709579115,16.541402208327042
1704792030737,21.897269749570505,16.19899765708741
1704792030758,57.6242799359886,27.508701421089402
1704792030770,10.630318266730493,12.284065695446674
1704792030791,16.777355200964998,17.643278312306997
1704792030803,13.569152826294891,16.640954062453368
1704792030820,16.172055449807413,16.12504917679766
1704792030835,14.814759784065984,16.01299156889625
1704792030853,12.00764830718724,9.173475669516618
1704792030870,10.18193708252853,11.04606813487924
1704792030884,11.810856704729932,11.225739039402718
1704792030899,4.545821825501237,3.575129669832125
1704792030920,12.31589073278097,9.928479025598577
1704792030931,4.984539685179811,3.7619168999510113
1704792030948,nan,nan
1704792030963,nan,nan
1704792030978,nan,nan
1704792030998,nan,nan
1704792031010,nan,nan
1704792031028,2.7039181449024166,18.912948211069867
1704792031042,nan,nan
1704792031063,29.47862044164238,28.315680599060368
1704792031078,nan,nan
1704792031093,nan,nan
1704792031108,nan,nan
1704792031126,nan,nan
1704792031143,38.77335703804484,10.077055714388676
1704792031161,29.46446330570148,28.317102861831994
1704792031179,19.568903914855106,17.66120503772618
1704792031190,nan,nan
1704792031211,nan,nan
1704792031223,nan,nan
1704792031237,nan,nan
1704792031254,nan,nan
1704792031272,nan,nan
1704792031287,nan,nan
1704792031302,nan,nan
1704792031326,30.51806143134387,37.04571183097183
1704792031337,nan,nan
1704792031355,nan,nan
1704792031370,1.8770311098301362,17.908081563561222
1704792031390,12.756139355802818,30.45316514564085
1704792031399,nan,nan
1704792031417,nan,nan
1704792031435,nan,nan
1704792031450,nan,nan
1704792031464,nan,nan
1704792031482,nan,nan
1704792031496,nan,nan
1704792031514,nan,nan
1704792031532,nan,nan
1704792031553,11.212573311713959,30.122567993783694
1704792031565,nan,nan
1704792031585,42.61124429605088,29.89321688846235
1704792031594,nan,nan
1704792031611,nan,nan
1704792031629,nan,nan
1704792031644,nan,nan
1704792031659,nan,nan
1704792031677,nan,nan
1704792031691,nan,nan
1704792031709,nan,nan
1704792031727,nan,nan
1704792031742,nan,nan
1704792031757,nan,nan
1704792031775,nan,nan
1704792031789,nan,nan
1704792031804,nan,nan
1704792031822,nan,nan
1704792031837,nan,nan
1704792031855,nan,nan
1704792031870,nan,nan
1704792031888,nan,nan
1704792031903,nan,nan
1704792031921,35.411760349963885,13.979554101698437
1704792031936,16.970820907669907,11.65001299875637
1704792031954,39.381049626965975,14.768698541889957
1704792031969,35.99067770771542,16.905754548203213
1704792031986,39.37097977350449,15.473430047109224
1704792032004,38.82984086085422,16.279370141509727
1704792032019,38.75808217549815,16.64746903900079
1704792032037,38.73140327982338,17.037270813352915
1704792032051,38.69105363411873,16.871016892191825
1704792032069,38.754154166144055,17.11742834764758
1704792032084,38.94806811434119,17.761976757400696
1704792032099,38.91686876597491,18.50930802447317
1704792032117,39.090711833163745,19.527098774196272
1704792032135,38.90221052100864,20.230798956822582
1704792032150,38.83704551884399,20.49489668809713
1704792032165,38.827751397259114,20.813158249964925
1704792032183,38.82158037151791,20.834946317896875
1704792032198,38.889629435282195,20.891487080182056
1704792032219,38.92903571591555,20.981817315013537
1704792032231,37.011800431835816,19.847144090632803
1704792032246,38.63540221113961,20.47895019667038
1704792032264,38.29042155550176,20.592559103995345
1704792032279,38.263314227901496,20.591494460910713
1704792032297,38.44702317844445,20.49195928983085
1704792032312,38.70226652616833,20.621936992469095
1704792032327,38.78006297169934,20.688822639209963
1704792032344,38.76861401861438,20.651926902713903
1704792032362,38.64114202249404,20.905032451375313
1704792032377,38.46310542982298,20.632919290257895
1704792032392,38.67502351935775,20.76657969623952
1704792032407,39.15953565781755,20.239160535237303
1704792032424,38.96958784095992,20.762654998262754
1704792032445,39.072490718409355,20.82126079253775
1704792032457,38.881110767421994,20.868885106724953
1704792032472,38.8926909463576,20.86480205072439
1704792032490,38.84225760339168,20.89413568628981
1704792032511,38.84050477461346,21.10284782265974
1704792032523,38.915815935087785,20.93692770908427
1704792032541,38.917223769353406,20.942320777658217
1704792032555,38.82412128343625,20.836043642658737
1704792032570,38.78742273752145,20.8281005763157
1704792032587,38.595444466627605,20.766541970329165
1704792032602,38.62041516442669,20.54797158039453
1704792032620,38.676587707588546,20.60934627157373
1704792032638,38.783442807365326,20.511540525326737
1704792032653,38.70653265248694,21.10324497162363
1704792032667,38.72994425352955,21.25561377630319
1704792032685,38.514230979074384,21.39144381742262
1704792032700,38.553121806311964,21.41240937221186
1704792032715,38.72960939612692,21.029447491061813
1704792032733,42.47846220327199,22.06897649649374
1704792032751,41.496363100995254,23.081718772391973
1704792032766,42.36036683274496,22.182370211746438
1704792032781,41.9827835977838,22.698040421347436
1704792032799,42.05981935649072,22.636840937309856
1704792032817,42.117386970450006,22.61329465494279
1704792032829,42.26286371544855,22.589763540828265
1704792032847,42.37121423245949,22.446123675562905
1704792032864,42.3661718676876,22.485376827839133
1704792032879,42.433312941476146,22.485105503229196
1704792032897,42.43742481047941,22.51060121044233
1704792032912,42.21475837185053,22.579490371818025
1704792032927,42.111425890414075,22.55744492233758
1704792032945,42.057011137664425,22.568297927023654
1704792032960,42.04335365211756,22.66004255069716
1704792032977,42.364980280000005,22.67644597099291
1704792032991,44.10800103524439,22.235905531503317
1704792033012,44.00723301810792,22.83450780134395
1704792033027,44.43541063328998,22.10034100423471
1704792033042,44.382778735943,22.56021965101146
1704792033060,44.403947362933884,22.64850385141285
1704792033075,44.28100218997344,22.890814275501743
1704792033093,44.366774111150036,22.93587753230856
1704792033108,44.376334490326514,22.93119131805947
1704792033123,44.404444147151665,22.718665859174703
1704792033138,44.15028888686124,22.70297624633481
1704792033155,43.56335329762732,27.141153115701876
1704792033170,42.39962210872327,29.26041862868952
1704792033188,nan,nan
1704792033207,nan,nan
1704792033219,nan,nan
1704792033237,nan,nan
1704792033255,nan,nan
1704792033267,nan,nan
1704792033285,nan,nan
1704792033300,nan,nan
1704792033318,nan,nan
1704792033333,nan,nan
1704792033348,nan,nan
1704792033366,nan,nan
1704792033381,nan,nan
1704792033401,nan,nan
1704792033413,nan,nan
1704792033431,nan,nan
1704792033446,nan,nan
1704792033467,nan,nan
1704792033484,29.70978933485765,35.26388752813787
1704792033495,nan,nan
1704792033510,nan,nan
1704792033528,nan,nan
1704792033548,nan,nan
1704792033557,nan,nan
1704792033575,nan,nan
1704792033590,nan,nan
1704792033608,nan,nan
1704792033625,nan,nan
1704792033640,nan,nan
1704792033655,nan,nan
1704792033670,nan,nan
1704792033691,nan,nan
1704792033703,nan,nan
1704792033721,nan,nan
1704792033736,nan,nan
1704792033753,nan,nan
1704792033771,nan,nan
1704792033786,nan,nan
1704792033801,nan,nan
1704792033822,18.298217431664188,26.413105102166842
1704792033834,nan,nan
1704792033851,19.074050414934806,28.278375151782313
1704792033866,nan,nan
1704792033884,nan,nan
1704792033899,nan,nan
1704792033917,nan,nan
1704792033929,nan,nan
1704792033947,nan,nan
1704792033962,nan,nan
1704792033980,nan,nan
1704792033995,nan,nan
1704792034013,nan,nan
1704792034031,nan,nan
1704792034045,nan,nan
1704792034063,nan,nan
1704792034078,nan,nan
1704792034096,nan,nan
1704792034108,nan,nan
1704792034129,nan,nan
1704792034141,nan,nan
1704792034159,nan,nan
1704792034174,nan,nan
1704792034192,nan,nan
1704792034207,nan,nan
1704792034225,nan,nan
1704792034240,nan,nan
1704792034255,nan,nan
1704792034273,nan,nan
1704792034287,nan,nan
1704792034305,nan,nan
1704792034320,nan,nan
1704792034338,nan,nan
1704792034353,nan,nan
1704792034368,nan,nan
1704792034389,nan,nan
1704792034401,nan,nan
1704792034419,nan,nan
1704792034434,nan,nan
1704792034452,nan,nan
1704792034467,nan,nan
1704792034484,nan,nan
1704792034499,nan,nan
1704792034517,nan,nan
1704792034532,nan,nan
1704792034549,nan,nan
1704792034567,nan,nan
1704792034581,nan,nan
1704792034596,nan,nan
1704792034614,24.121254350753492,5.960758388036339
1704792034632,nan,nan
1704792034649,22.569480050303564,2.9456337354086615
1704792034663,nan,nan
1704792034681,22.364327608716305,4.082910468863325
1704792034699,nan,nan
1704792034713,22.729686977604974,6.091777515938381
1704792034728,20.26981793778962,7.342282366579945
1704792034746,23.194384888023208,5.354454011093379
1704792034761,19.799423466488157,7.118251054464946
1704792034778,21.986951215620486,3.3012821547713163
1704792034796,nan,nan
1704792034811,15.543269030315919,0.7366948219214496
1704792034826,nan,nan
1704792034847,17.314851848601187,1.9724880456690734
1704792034859,17.278401189788166,3.007346321642338
1704792034874,18.214823771511057,2.5816813508921506
1704792034889,18.582325009281902,3.766823469690908
1704792034907,nan,nan
1704792034922,nan,nan
1704792034940,nan,nan
1704792034958,nan,nan
1704792034973,nan,nan
1704792034987,18.385204258507972,0.714416748917565
1704792035005,nan,nan
1704792035023,nan,nan
1704792035035,nan,nan
1704792035053,nan,nan
1704792035065,nan,nan
1704792035086,37.666253711955584,9.381169743882618
1704792035101,nan,nan
1704792035118,30.64630631600636,25.375134303883467
1704792035130,nan,nan
1704792035154,32.42936178148203,32.445513126965864
1704792035166,nan,nan
1704792035184,47.21894405680304,27.512294893181746
1704792035196,nan,nan
1704792035214,nan,nan
1704792035229,nan,nan
1704792035246,nan,nan
1704792035263,nan,nan
1704792035281,33.42570433278116,33.74952017679646
1704792035296,nan,nan
1704792035310,nan,nan
1704792035328,nan,nan
1704792035342,nan,nan
1704792035360,nan,nan
1704792035378,nan,nan
1704792035393,nan,nan
1704792035407,nan,nan
1704792035424,nan,nan
1704792035445,nan,nan
1704792035457,nan,nan
1704792035472,nan,nan
1704792035489,nan,nan
1704792035507,nan,nan
1704792035521,nan,nan
1704792035539,63.88342240830049,3.2920923407454317
1704792035557,nan,nan
1704792035572,nan,nan
1704792035587,nan,nan
1704792035602,nan,nan
1704792035620,nan,nan
1704792035635,nan,nan
1704792035653,nan,nan
1704792035668,nan,nan
1704792035686,nan,nan
1704792035701,nan,nan
1704792035716,nan,nan
1704792035734,nan,nan
1704792035749,42.941959375578975,15.448971672292613
1704792035766,42.13139962168935,16.027367673861832
1704792035781,42.06515923375893,16.21611981772675
1704792035799,41.50944337567068,16.560856108009094
1704792035817,41.39986878854981,16.898354808470348
1704792035832,41.0492156175016,17.18125764580189
1704792035849,41.22761456854965,16.972273517147627
1704792035864,41.006717898793305,16.85430682283455
1704792035885,44.326436911557145,16.84881930065456
1704792035897,41.22860920037704,16.541665058038017
1704792035912,44.11493764985638,18.000564281773052
1704792035930,40.92603217011654,17.329531832264884
1704792035948,43.87784837937946,18.07865762526904
1704792035963,40.79862573922966,17.77100908426357
1704792035980,46.29867787717072,18.384511618178323
1704792035995,43.68799327573346,20.852462516729585
1704792036015,47.22761716324453,19.260489566267353
1704792036027,44.335812537584694,19.57460196990415
1704792036042,47.350130024815904,19.455624499599065
1704792036057,43.894949858953204,19.941511540777213
1704792036078,46.826966064385616,19.908014972943295
1704792036093,43.53344812795702,20.04811095982037
1704792036108,46.63079531228263,19.907884569846203
1704792036125,43.35406183148237,19.495383727754334
1704792036140,46.50701621205312,19.70766364942325
1704792036158,43.00364710161638,19.260117320657418
1704792036176,46.17274705122847,19.999807406356588
1704792036188,43.08726875376609,19.644046669739627
1704792036205,46.141849841823,20.02971254969577
1704792036220,43.88319706200776,19.855710240749055
1704792036237,46.59380897860255,19.837797505409426
1704792036252,44.18020182629118,19.586312063725096
1704792036270,46.763325708118465,19.513953381323084
1704792036285,44.432828027801236,18.76780212585973
1704792036303,46.9080308460537,19.047779123889406
1704792036318,44.51422522144749,18.454252192813684
1704792036335,46.99878413710443,18.900829955940356
1704792036350,41.670761166597885,18.102527890874846
1704792036370,44.58359211304876,18.68305335066124
1704792036385,41.83636930463772,18.58469214117473
1704792036400,47.61597130119988,18.160186699143242
1704792036415,41.86928336032061,18.03267186550787
1704792036433,47.71634352197577,18.291694035180335
1704792036453,44.56260980718688,18.902870429095287
1704792036465,47.02393466839327,18.75028068841028
1704792036483,44.814768479356545,18.75540048653273
1704792036497,47.07116958879837,18.84404312926697
1704792036515,44.42158364742515,18.90125502234957
1704792036533,46.472922699996914,19.36250194722663
1704792036548,40.510540422787656,20.190060396906897
1704792036563,45.773169720503994,19.74661596590211
1704792036580,42.373549132877514,20.01117379749994
1704792036595,45.42018243675341,19.842045756783502
1704792036613,42.35001181377402,20.08562907512949
1704792036627,45.3307291241033,19.982442208449434
1704792036642,42.09847889559068,19.784866716787764
1704792036660,45.18411902334851,20.18072203940093
1704792036677,41.941088946842314,19.92575958610994
1704792036694,44.96109914502531,20.500069726811045
1704792036709,41.84103735591642,19.960497097391162
1704792036724,44.85369214212709,20.881836375643516
1704792036741,45.40459330027662,21.02993980572585
1704792036759,45.22987034326128,21.057973915255154
1704792036771,42.68989287657571,20.3899410132007
1704792036789,44.96378328943292,20.921927424841954
1704792036807,42.453089692157974,20.30453136836715
1704792036821,45.033138711756486,20.705136682449
1704792036838,42.76181146151739,20.308387345185423
1704792036856,45.16955752170521,20.82150975158616
1704792036871,42.59443579058499,19.99502600985976
1704792036889,45.22597229483843,20.524707445369174
1704792036906,42.08814300523515,19.981881335052435
1704792036921,46.36210979677098,19.179968908842802
1704792036936,42.6895860804442,19.691891066036618
1704792036951,47.14453627809405,20.4355515398898
1704792036968,43.8767564917175,20.747641214958932
1704792036986,47.01483838979382,21.095618331300255
1704792037001,44.00849077474255,21.584727933841975
1704792037016,47.00403959880314,21.447406723979523
1704792037033,44.15649849144622,21.27319299009091
1704792037050,47.0550589210228,21.655372615529593
1704792037065,44.30886278388129,21.196793368875735
1704792037080,47.204117758904175,21.773606910357554
1704792037098,44.172649212379625,21.180022224248955
1704792037116,47.158016627656956,21.880281672161363
1704792037131,44.658326818222534,21.607647581647804
1704792037149,47.219634320500575,22.435462784883203
1704792037164,47.23300872267395,23.095982598658694
1704792037179,45.263600504564295,28.673396653387588
1704792037197,44.82090898018741,29.85062393318427
1704792037212,nan,nan
1704792037227,nan,nan
1704792037244,nan,nan
1704792037259,nan,nan
1704792037277,nan,nan
1704792037292,nan,nan
1704792037310,nan,nan
1704792037325,nan,nan
1704792037342,nan,nan
1704792037359,nan,nan
1704792037373,nan,nan
1704792037391,nan,nan
1704792037406,nan,nan
1704792037423,nan,nan
1704792037437,nan,nan
1704792037455,nan,nan
1704792037470,nan,nan
1704792037485,nan,nan
1704792037505,nan,nan
1704792037517,nan,nan
1704792037535,nan,nan
1704792037553,nan,nan
1704792037568,nan,nan
1704792037583,nan,nan
1704792037601,nan,nan
1704792037616,nan,nan
1704792037631,nan,nan
1704792037649,nan,nan
1704792037661,nan,nan
1704792037679,nan,nan
1704792037697,nan,nan
1704792037712,nan,nan
1704792037727,nan,nan
1704792037745,nan,nan
1704792037763,nan,nan
1704792037778,nan,nan
1704792037793,nan,nan
1704792037808,nan,nan
1704792037825,nan,nan
1704792037840,nan,nan
1704792037858,nan,nan
1704792037873,nan,nan
1704792037891,nan,nan
1704792037909,45.690442894877854,10.817481102743606
1704792037921,nan,nan
1704792037939,nan,nan
1704792037954,nan,nan
1704792037971,nan,nan
1704792037986,nan,nan
1704792038007,36.3354806204184,22.508256889649928
1704792038019,nan,nan
1704792038037,26.407989268199774,30.61591826126458
1704792038051,nan,nan
1704792038069,nan,nan
1704792038087,nan,nan
1704792038101,nan,nan
1704792038119,nan,nan
1704792038134,nan,nan
1704792038151,nan,nan
1704792038166,nan,nan
1704792038184,nan,nan
1704792038198,nan,nan
1704792038216,nan,nan
1704792038231,nan,nan
1704792038246,nan,nan
1704792038264,nan,nan
1704792038278,nan,nan
1704792038298,nan,nan
1704792038313,nan,nan
1704792038328,nan,nan
1704792038345,nan,nan
1704792038360,nan,nan
1704792038378,nan,nan
1704792038393,nan,nan
1704792038407,nan,nan
1704792038425,nan,nan
1704792038442,nan,nan
1704792038459,nan,nan
1704792038474,nan,nan
1704792038492,nan,nan
1704792038507,nan,nan
1704792038522,nan,nan
1704792038540,nan,nan
1704792038554,nan,nan
1704792038572,nan,nan
1704792038590,nan,nan
1704792038604,nan,nan
1704792038622,13.506257425946764,2.966082887936952
1704792038637,nan,nan
1704792038654,13.336483191118136,3.3125971969191057
1704792038669,nan,nan
1704792038687,13.673491111674373,4.2696407467979665
1704792038699,nan,nan
1704792038720,29.504198223924178,28.30590206249629
1704792038734,nan,nan
1704792038754,nan,nan
1704792038766,nan,nan
1704792038784,nan,nan
1704792038799,nan,nan
1704792038820,29.428329947616067,28.31631176026734
1704792038829,nan,nan
1704792038849,nan,nan
1704792038866,15.888883299847603,4.479937436856573
1704792038883,14.013771653174953,5.4011361187157
1704792038898,nan,nan
1704792038916,13.014646839017647,0.3220885563123581
1704792038933,12.809729474934512,0.044851764645278666
1704792038951,nan,nan
1704792038963,13.0542579886847,0.15232446851448248
1704792038980,nan,nan
1704792038994,nan,nan
1704792039009,nan,nan
1704792039027,nan,nan
1704792039045,nan,nan
1704792039059,nan,nan
1704792039076,nan,nan
1704792039090,nan,nan
1704792039108,39.16789276984262,9.695526556423422
1704792039123,nan,nan
1704792039141,39.74185658623925,18.114291458142006
1704792039156,nan,nan
1704792039173,nan,nan
1704792039188,nan,nan
1704792039205,nan,nan
1704792039223,nan,nan
1704792039235,nan,nan
1704792039255,nan,nan
1704792039269,nan,nan
1704792039287,nan,nan
1704792039302,nan,nan
1704792039320,nan,nan
1704792039335,nan,nan
1704792039350,nan,nan
1704792039368,nan,nan
1704792039386,nan,nan
1704792039400,nan,nan
1704792039415,nan,nan
1704792039432,nan,nan
1704792039447,nan,nan
1704792039465,nan,nan
1704792039480,nan,nan
1704792039497,nan,nan
1704792039512,nan,nan
1704792039530,nan,nan
1704792039545,nan,nan
1704792039560,nan,nan
1704792039577,nan,nan
1704792039594,nan,nan
1704792039609,nan,nan
1704792039627,nan,nan
1704792039642,nan,nan
1704792039660,nan,nan
1704792039675,nan,nan
1704792039690,nan,nan
1704792039707,nan,nan
1704792039722,nan,nan
1704792039740,nan,nan
1704792039755,nan,nan
1704792039773,nan,nan
1704792039791,nan,nan
1704792039805,nan,nan
1704792039820,nan,nan
1704792039838,31.453511502521295,7.828167136356532
1704792039853,32.11090599236313,8.463984724053972
1704792039871,43.07541991908138,11.77318741684104
1704792039889,41.31277260793945,13.910039994985185
1704792039904,44.08328734878949,11.742744518726143
1704792039919,42.44867574701403,13.088995287515797
1704792039936,42.672500734430855,13.338823508778374
1704792039954,42.751968291510124,13.19941726218193
1704792039969,45.45523531404641,13.805428219557829
1704792039983,42.67471383922919,13.840801093645474
1704792040000,45.195183754774575,14.625751917285118
1704792040020,42.54739682509371,13.850369179126922
1704792040035,45.029900254549034,14.816237068406588
1704792040050,41.92199329169795,13.857386811314214
1704792040067,44.758258622371386,14.895507777329232
1704792040082,41.70834554730108,14.27999515876494
1704792040103,44.59739927696822,15.178511520854768
1704792040115,41.8355630115543,14.476834671170632
1704792040130,44.518096835412436,15.535284386097484
1704792040149,41.8304614154071,14.836898582637039
1704792040164,44.55037008362018,15.69905328649943
1704792040179,41.596742481409635,15.072308096474709
1704792040200,44.485668196183596,15.794994286612038
1704792040214,41.48890927603811,14.958974227884356
1704792040231,44.482233406967104,16.08602112331005
1704792040245,41.628818860125314,15.356575229085747
1704792040260,44.47891824980244,16.171622718765644
1704792040277,41.48966315927763,14.99991467359563
1704792040294,44.285022876010025,15.967501341880745
1704792040309,41.326726447839306,14.86964385841116
1704792040327,44.18695370302567,16.093356591258576
1704792040342,41.24388001392434,15.711169223691611
1704792040360,44.14358675690326,16.229295558941363
1704792040374,41.597747162950164,15.97541504196285
1704792040391,44.30426009932398,16.36388097097387
1704792040406,42.13590095908886,15.850671988272538
1704792040424,44.21556762048977,16.577046878660298
1704792040439,41.796710794460054,15.558272144811758
1704792040458,43.89370978799306,16.46135019169546
1704792040470,41.20604852958386,15.173100315916761
1704792040488,43.5324724396466,16.213957941528975
1704792040503,40.919013749287046,15.388747617091783
1704792040520,43.34985423540998,16.44615039444028
1704792040537,40.53821336868668,15.703687579249435
1704792040554,43.30933303192639,16.616185117939928
1704792040569,40.319024307303856,15.763005670345791
1704792040586,43.22744877975816,16.472899470919092
1704792040604,40.556559017122396,15.550986228256464
1704792040622,43.557232208216575,16.320729140890112
1704792040637,43.52834362872933,16.59140148096635
1704792040651,43.54094948608851,16.774939352072433
1704792040668,43.578590333646474,17.465302450162188
1704792040689,43.49130108903653,17.749408307249904
1704792040698,40.92175983486497,16.347809248825573
1704792040716,43.75423763844703,17.58662312590311
1704792040730,40.97811446859338,16.512521558192937
1704792040751,43.909081744080694,17.472079769645408
1704792040763,40.89695278783906,16.059199189117702
1704792040780,43.89033359543813,16.88820546096907
1704792040798,40.450183422530316,15.572233248358524
1704792040813,30.867734711832355,8.713561243049037
1704792040834,28.129546794891883,3.535920515946241
1704792040843,nan,nan
1704792040858,nan,nan
1704792040873,nan,nan
1704792040891,nan,nan
1704792040909,nan,nan
1704792040924,nan,nan
1704792040939,nan,nan
1704792040957,nan,nan
1704792040972,nan,nan
1704792040989,nan,nan
1704792041004,nan,nan
1704792041021,nan,nan
1704792041036,nan,nan
1704792041057,nan,nan
1704792041069,nan,nan
1704792041087,nan,nan
1704792041101,nan,nan
1704792041119,nan,nan
1704792041137,nan,nan
1704792041149,nan,nan
1704792041167,nan,nan
1704792041182,nan,nan
1704792041200,nan,nan
1704792041217,nan,nan
1704792041235,nan,nan
1704792041247,nan,nan
1704792041265,nan,nan
1704792041283,nan,nan
1704792041298,nan,nan
1704792041313,nan,nan
1704792041327,nan,nan
1704792041347,44.04730009086636,13.860128730344545
1704792041365,nan,nan
1704792041380,44.711800802838596,15.85883917196616
1704792041395,nan,nan
1704792041413,nan,nan
1704792041425,nan,nan
1704792041445,nan,nan
1704792041462,26.94939425796948,30.490091044137543
1704792041477,nan,nan
1704792041492,nan,nan
1704792041510,nan,nan
1704792041528,nan,nan
1704792041540,nan,nan
1704792041557,nan,nan
1704792041572,nan,nan
1704792041589,nan,nan
1704792041604,nan,nan
1704792041624,nan,nan
1704792041639,nan,nan
1704792041654,nan,nan
1704792041672,nan,nan
1704792041687,nan,nan
1704792041705,nan,nan
1704792041723,nan,nan
1704792041734,29.51459921169459,28.30640080693932
1704792041749,nan,nan
1704792041767,nan,nan
1704792041784,nan,nan
1704792041802,nan,nan
1704792041817,nan,nan
1704792041832,nan,nan
1704792041847,nan,nan
1704792041871,nan,nan
1704792041883,39.670481067610716,10.079008939012077
1704792041898,39.044059967509696,13.201792618878265
1704792041915,42.17383977674632,11.320826833194133
1704792041933,38.84471569808934,12.062279805857074
1704792041948,42.089780326579586,11.603122745748095
1704792041963,38.638902647226004,11.335824120090392
1704792041984,41.652185237214404,12.21592634237195
1704792041999,38.453305883711316,11.539578917827768
1704792042015,41.656162888791805,12.510384355064266
1704792042029,38.48729920422951,12.535497435821684
1704792042044,44.36612310960923,15.937061502925237
1704792042062,39.327668874798285,15.309467706328014
1704792042080,44.986441669494994,15.921812049466547
1704792042095,40.65413678387924,16.250663723782566
1704792042113,43.86605137886738,16.375556980684383
1704792042125,40.877495546545305,16.315008273264876
1704792042146,44.29549552067705,16.835234257712447
1704792042160,40.474477414987554,16.569124918509885
1704792042177,44.45135182575103,17.036031445571506
1704792042191,40.879510759027596,16.39736788716237
1704792042209,44.724546670838194,16.934903230364306
1704792042224,41.22783330209851,16.645321288741677
1704792042245,44.73796421093277,17.111771154459632
1704792042256,40.79913987567203,17.31907496228754
1704792042274,44.66328128872521,17.17839646042497
1704792042289,40.804391724077384,17.468599798811752
1704792042304,44.63190220381191,17.253780853067155
1704792042324,41.21490298968558,17.55335701076129
1704792042338,44.64138739073446,17.5054313892379
1704792042353,41.47194604928208,17.275299913785286
1704792042371,44.5740490938686,17.5942837289688
1704792042388,41.150490640153905,17.605506311811485
1704792042406,43.46061232516236,24.03123572280085
1704792042421,39.09880928156071,25.189474127223733
1704792042435,nan,nan
1704792042450,nan,nan
1704792042471,nan,nan
1704792042482,nan,nan
1704792042499,nan,nan
1704792042517,nan,nan
1704792042534,nan,nan
1704792042549,nan,nan
1704792042564,nan,nan
1704792042582,nan,nan
1704792042600,nan,nan
1704792042615,nan,nan
1704792042630,nan,nan
1704792042648,nan,nan
1704792042660,nan,nan
1704792042678,nan,nan
1704792042696,nan,nan
1704792042708,nan,nan
1704792042727,nan,nan
1704792042742,nan,nan
1704792042760,nan,nan
1704792042772,nan,nan
1704792042790,nan,nan
1704792042805,nan,nan
1704792042823,nan,nan
1704792042838,nan,nan
1704792042856,nan,nan
1704792042871,nan,nan
1704792042889,nan,nan
1704792042902,nan,nan
1704792042917,nan,nan
1704792042935,nan,nan
1704792042953,nan,nan
1704792042968,nan,nan
1704792042983,nan,nan
1704792043000,nan,nan
1704792043018,nan,nan
1704792043036,nan,nan
1704792043051,nan,nan
1704792043066,nan,nan
1704792043081,nan,nan
1704792043099,nan,nan
1704792043113,nan,nan
1704792043131,nan,nan
1704792043149,nan,nan
1704792043164,nan,nan
1704792043182,nan,nan
1704792043194,nan,nan
1704792043212,nan,nan
1704792043227,nan,nan
1704792043248,nan,nan
1704792043263,nan,nan
1704792043277,nan,nan
1704792043295,nan,nan
1704792043310,nan,nan
1704792043327,nan,nan
1704792043339,nan,nan
1704792043357,nan,nan
1704792043372,nan,nan
1704792043390,nan,nan
1704792043408,nan,nan
1704792043423,nan,nan
1704792043438,nan,nan
1704792043456,nan,nan
1704792043473,nan,nan
1704792043488,nan,nan
1704792043503,nan,nan
1704792043521,nan,nan
1704792043536,nan,nan
1704792043553,nan,nan
1704792043570,nan,nan
1704792043585,nan,nan
1704792043603,nan,nan
1704792043618,nan,nan
1704792043633,nan,nan
1704792043650,nan,nan
1704792043668,12.37317057448321,11.309823102760419
1704792043686,5.361000735063187,5.38531523293091
1704792043701,9.759495105327348,7.191031519856641
1704792043719,5.67706904318263,4.324883146925307
1704792043734,3.4281862077479524,4.3323128444300405
1704792043750,nan,nan
1704792043765,4.534421088954091,6.472451005758223
1704792043783,0.694937043236998,5.838349880184752
1704792043797,3.526191394736162,7.0864298683724805
1704792043815,3.9683424395912654,7.901379078134622
1704792043830,3.3912184658350935,7.530216933408441
1704792043848,29.41449882189107,28.312858340133253
1704792043863,2.3498094196772983,0.8864815124410991
1704792043881,2.1557197691156227,4.53829484304108
1704792043899,29.420115625508686,28.31579915249162
1704792043914,29.409381565595194,28.322193550823417
1704792043928,29.420199693565387,28.314739902814708
1704792043945,29.41733218284973,28.313413549889166
1704792043963,29.41977515318273,28.314879779337645
1704792043978,29.418203897595944,28.31533812562928
1704792043992,29.41821854146353,28.315306980562088
1704792044010,29.41819020158989,28.315587365793306
1704792044025,29.418428736424957,28.315439556761696
1704792044040,29.41845771356842,28.315135804807536
1704792044058,29.40402927695506,28.321184651776818
1704792044073,nan,nan
1704792044090,35.78164843613038,17.37742276896328
1704792044107,nan,nan
1704792044123,nan,nan
1704792044138,nan,nan
1704792044150,nan,nan
1704792044170,nan,nan
1704792044190,nan,nan
1704792044202,nan,nan
1704792044217,nan,nan
1704792044235,nan,nan
1704792044250,nan,nan
1704792044267,nan,nan
1704792044282,nan,nan
1704792044300,nan,nan
1704792044315,nan,nan
1704792044339,nan,nan
1704792044348,nan,nan
1704792044363,nan,nan
1704792044381,nan,nan
1704792044399,nan,nan
1704792044411,nan,nan
1704792044429,nan,nan
1704792044446,nan,nan
1704792044461,nan,nan
1704792044479,nan,nan
1704792044496,nan,nan
1704792044508,nan,nan
1704792044523,nan,nan
1704792044544,nan,nan
1704792044558,nan,nan
1704792044573,nan,nan
1704792044594,nan,nan
1704792044606,nan,nan
1704792044626,36.97197555690975,15.653540633960027
1704792044640,nan,nan
1704792044658,nan,nan
1704792044670,nan,nan
1704792044690,nan,nan
1704792044705,nan,nan
1704792044723,nan,nan
1704792044738,nan,nan
1704792044756,nan,nan
1704792044771,nan,nan
1704792044785,nan,nan
1704792044802,nan,nan
1704792044817,nan,nan
1704792044835,nan,nan
1704792044853,nan,nan
1704792044868,nan,nan
1704792044881,nan,nan
1704792044899,nan,nan
1704792044914,nan,nan
1704792044932,nan,nan
1704792044950,nan,nan
1704792044962,nan,nan
1704792044980,29.40976521080274,28.31420220840623
1704792045001,43.7644371835278,18.21053483318088
1704792045015,40.39063732663591,18.254924167430268
1704792045030,43.62517462981789,16.300569726044504
1704792045051,42.45398503292842,17.908669663481966
1704792045063,45.69531107982,18.082925837636584
1704792045081,42.82123877543441,17.829754255358644
1704792045096,45.60117947541958,18.732855194813382
1704792045111,45.11731839336389,19.168433621441952
1704792045129,44.980553238298015,19.245521817264464
1704792045147,44.52162468361318,19.596909445144686
1704792045162,44.47966202477273,19.25181097584087
1704792045176,44.41751920812279,19.404558162265957
1704792045194,44.34436481201827,19.43658010996626
1704792045209,44.30598195857957,19.61182277981545
1704792045226,45.1869765809704,18.869612801185063
1704792045244,43.48427573007505,19.611441471453784
1704792045258,44.935016212340756,19.10980391698864
1704792045273,44.33260381653703,20.637870829787722
1704792045293,44.46234410463997,19.98498015856387
1704792045308,43.328317663805635,21.14394410051306
1704792045323,43.67210859796841,21.811499765828856
1704792045338,41.0809769928882,23.163946400755563
1704792045356,42.6310929965339,22.90871498160677
1704792045377,42.445214413313785,23.68363812260363
1704792045388,42.378187194743475,23.81704062050627
1704792045405,42.60955672032562,23.80820987598066
1704792045420,42.62051883000212,23.84325050927402
1704792045438,42.42875833535891,23.780815481661335
1704792045455,42.671010890482364,23.829875814376926
1704792045469,42.70835365795925,23.835864545201837
1704792045487,43.18120024961402,23.201561791098207
1704792045505,42.86562263478208,23.64028513814088
1704792045517,42.85907720998866,23.455397713357357
1704792045535,42.77892054580611,23.64988444156054
1704792045550,42.8523232268724,23.716330288025315
1704792045567,42.84744099549221,23.83029708759675
1704792045581,42.8656652471957,23.88506823722047
1704792045599,42.81320451311821,23.83566368146589
1704792045617,42.82035033965383,23.803762413715997
1704792045632,42.70350500897485,23.82599603611276
1704792045650,42.73572028013628,23.858905519030564
1704792045665,42.83011430986327,23.731122108463463
1704792045680,42.77941903986027,23.701655394696758
1704792045695,42.836356887898184,23.563125296422577
1704792045713,42.73231034383638,23.52375447376492
1704792045727,41.91154768812827,24.28593665083549
1704792045745,42.616223381160495,23.205111909139752
1704792045763,42.1045974789048,24.486684226915933
1704792045778,43.25703114515585,23.543066793364993
1704792045793,42.59305983743131,24.717496882618633
1704792045811,43.32520429961596,23.663725969371406
1704792045829,42.29591625740797,23.883862714600436
1704792045841,43.68607425728428,23.75643395381042
1704792045859,43.30981443031434,24.129156030937736
1704792045874,43.37582202677974,24.169317424589888
1704792045891,43.38106481345281,24.365426113918346
1704792045909,43.36748610289787,24.359240615874068
1704792045924,43.08057631706916,24.26873877219209
1704792045939,43.98319512915042,23.359472084812545
1704792045957,43.273918970386156,23.93336084430742
1704792045975,43.29247694514362,23.910804010291574
1704792045990,43.31277228678393,23.92682528595725
1704792046005,43.30304986487583,23.967315646937898
1704792046020,43.30337490653452,23.989219954672578
1704792046038,43.40183870211172,24.091713469862757
1704792046056,43.53600133975673,24.05107147841146
1704792046069,43.65293218135822,24.09385885200925
1704792046087,43.59445928722538,24.52546299617138
1704792046102,43.62520387935751,24.51588638779204
1704792046120,43.565613224002206,24.555994549798445
1704792046135,43.40965286690912,24.54476030022103
1704792046149,43.34237212954645,24.076503357371198
1704792046166,43.444780745489304,23.90904678034157
1704792046184,43.73419944825001,23.60241234991982
1704792046199,44.454177248534364,21.665607030393357
1704792046216,44.47098494562705,22.061560695485802
1704792046233,44.47490848502754,21.316911036463587
1704792046250,44.5187631070483,20.526296506818646
1704792046265,44.558667481695906,20.488010552544015
1704792046283,44.259839208534515,20.560516417968604
1704792046295,44.27613630284467,20.694560075586008
1704792046313,44.011904717014474,21.223773311913916
1704792046330,43.96784607236403,21.293716954591833
1704792046347,44.05098162944117,21.446290711025327
1704792046362,44.080565830873475,21.466887425323293
1704792046380,44.06213813727814,21.38130663990513
1704792046395,44.07349095425302,21.262357593694745
1704792046409,44.17575698738611,20.999328283421548
1704792046430,44.16165229330099,20.931997944430016
1704792046442,44.32020367586161,20.73868919161053
1704792046459,44.413667487648965,20.519298653893312
1704792046474,44.33009947398132,20.565145465440015
1704792046491,44.34489966448134,20.601830001005982
1704792046506,43.947705000250124,21.022590821263325
1704792046524,43.859856905717066,21.359495121070168
1704792046542,43.77430427638768,21.861165904628987
1704792046556,44.4083719315965,21.219265681314074
1704792046577,44.06130578699692,21.63214161016158
1704792046589,43.98418470614017,22.030781261660422
1704792046603,43.43342279690341,23.07096063528989
1704792046621,43.68104162951498,22.567765104580403
1704792046639,43.00247007790241,23.725206508848757
1704792046654,43.548341154072844,23.19292689287522
1704792046672,43.45482386644636,23.122354922614498
1704792046687,43.57663554324682,23.051189929285055
1704792046702,43.468703416266166,22.711094081885445
1704792046723,43.52561215161054,22.647818123789122
1704792046735,43.70929528428965,22.364286436170513
1704792046750,43.709161396584484,22.41236533689227
1704792046767,44.02231417996712,22.54725718539921
1704792046784,44.170318621816435,22.487537260483375
1704792046801,44.11386068035344,22.544999468011635
1704792046816,44.28030994198387,22.49439578500116
1704792046840,42.848842253715134,22.468756689781827
1704792046849,44.24335795830092,22.118460215456782
1704792046866,43.2139868781977,23.650682445296628
1704792046881,43.00192996404836,31.17520198051463
1704792046896,41.829296834630924,33.387337842230735
1704792046914,nan,nan
1704792046932,nan,nan
1704792046946,nan,nan
1704792046961,nan,nan
1704792046978,nan,nan
1704792046993,nan,nan
1704792047014,nan,nan
1704792047028,nan,nan
1704792047042,nan,nan
1704792047060,nan,nan
1704792047075,nan,nan
1704792047093,nan,nan
1704792047107,nan,nan
1704792047125,nan,nan
1704792047143,nan,nan
1704792047155,nan,nan
1704792047173,nan,nan
1704792047190,nan,nan
1704792047207,nan,nan
1704792047222,nan,nan
1704792047236,nan,nan
1704792047254,nan,nan
1704792047269,nan,nan
1704792047290,nan,nan
1704792047302,42.57006670386629,25.363228920524936
1704792047319,41.59253989224741,25.2560744764437
1704792047337,42.54570745885944,18.545542977190614
1704792047352,41.164036521054896,20.71996355716821
1704792047370,42.192205650794826,17.666448857935574
1704792047387,41.74077174011857,19.604820673837427
1704792047401,41.66675948994306,19.556466461942676
1704792047416,41.65497801249932,19.397938093847724
1704792047437,41.61476951588135,19.40224003853644
1704792047449,41.70716484545172,19.48917964136117
1704792047464,41.696308539019086,19.475290803721634
1704792047481,41.78242131378596,19.38269605482284
1704792047498,41.812831597383344,19.438989884421574
1704792047516,41.76041554291891,19.6868677114773
1704792047531,41.79737078894968,19.62821368105918
1704792047549,41.75228047072501,19.631959731217943
1704792047561,41.8215427290381,19.694319227670974
1704792047578,41.67923321750651,19.38841630868964
1704792047598,41.830484279451504,19.39739677714981
1704792047609,41.82917384862606,19.575468582690874
1704792047626,41.84232622706622,19.55367393653024
1704792047643,42.07525730546294,19.4153399485953
1704792047661,42.059241129489614,19.354871749338145
1704792047676,42.101896646266596,19.093765582366437
1704792047691,42.23938001784191,18.717313595251625
1704792047709,42.48025675954688,18.802052142234484
1704792047724,33.354279380353496,12.716027123458987
1704792047745,28.817965133800485,14.814317077417003
1704792047756,1.6974144664400173,30.574927487522917
1704792047770,nan,nan
1704792047788,nan,nan
1704792047803,nan,nan
1704792047820,nan,nan
1704792047838,nan,nan
1704792047853,nan,nan
1704792047874,29.452367265123044,28.315270951540874
1704792047883,nan,nan
1704792047901,nan,nan
1704792047916,nan,nan
1704792047934,nan,nan
1704792047949,nan,nan
1704792047967,nan,nan
1704792047981,nan,nan
