timestamp,x,y,device,idx_table
1701261069405,0.4339377383391062,0.3230466842651367,0,1701261069405
1701261069503,0.4250589435299238,0.308920681476593,0,1701261069405
1701261069563,nan,nan,2,1701261069405
1701261069609,nan,nan,2,1701261069405
1701261069659,nan,nan,2,1701261069405
1701261069709,nan,nan,2,1701261069405
1701261069760,0.5928758978843689,0.7962135225534439,1,1701261069405
1701261069819,0.2412309050559997,0.1856098175048828,0,1701261069405
1701261069881,0.6395788788795471,0.8017049133777618,1,1701261069405
1701261069950,nan,nan,2,1701261069405
1701261070013,0.1129701447983582,0.1291002035140991,0,1701261069405
1701261070062,nan,nan,2,1701261069405
1701261070113,nan,nan,2,1701261069405
1701261070169,0.268223226070404,0.3378615975379944,1,1701261069405
1701261070221,0.0738541185855865,0.4242621660232544,1,1701261069405
1701261070279,0.0897297039628028,0.4357104301452636,1,1701261069405
1701261070335,nan,nan,2,1701261069405
1701261070388,0.1291750222444534,0.4051656126976013,1,1701261069405
1701261070439,0.394636332988739,0.2695597410202026,1,1701261069405
1701261070514,0.3926831781864166,0.300057053565979,1,1701261069405
1701261070567,0.389478325843811,0.360404908657074,1,1701261069405
1701261070622,nan,nan,2,1701261069405
1701261070687,0.5422600507736206,0.2967730760574341,1,1701261069405
1701261070751,nan,nan,2,1701261069405
1701261070805,nan,nan,2,1701261069405
1701261070856,nan,nan,2,1701261069405
1701261070910,nan,nan,2,1701261069405
1701261070968,nan,nan,2,1701261069405
1701261071055,0.5643251538276672,0.3697973489761352,1,1701261069405
1701261071111,0.5704725384712219,0.3848962783813476,1,1701261069405
1701261071165,nan,nan,2,1701261069405
1701261071224,0.5061992406845093,0.3875518441200256,1,1701261069405
1701261071277,nan,nan,2,1701261069405
1701261071329,0.3045190572738647,0.4617623686790466,1,1701261069405
1701261071382,0.2326527237892151,0.4172797799110412,1,1701261069405
1701261071436,0.2398995161056518,0.4789977073669433,1,1701261069405
1701261071487,0.2134870588779449,0.6024847030639648,1,1701261069405
1701261071541,0.1995943784713745,0.5651743113994598,1,1701261069405
1701261071602,0.1924699991941452,0.5468583106994629,1,1701261069405
1701261071648,0.1986321806907653,0.5517669022083282,1,1701261069405
1701261071703,0.2035933881998062,0.5542134940624237,1,1701261069405
1701261071755,0.2021439969539642,0.5540429353713989,1,1701261069405
1701261071811,0.2222744226455688,0.5156964659690857,1,1701261069405
1701261071866,0.4347739219665527,0.6992288529872894,1,1701261069405
1701261071923,0.4359869956970215,0.6832846999168396,1,1701261069405
1701261071979,0.4930245280265808,0.7749398052692413,1,1701261069405
1701261072030,0.4972257018089294,0.7320501506328583,1,1701261069405
1701261072096,0.2579497098922729,0.3621816635131836,1,1701261069405
1701261072151,0.1994741708040237,0.3409155607223511,1,1701261069405
1701261072208,0.2003189772367477,0.3622313737869262,1,1701261069405
1701261072264,0.2073578536510467,0.3586838245391845,1,1701261069405
1701261072319,0.2991122901439667,0.4503763318061828,1,1701261069405
1701261072372,0.1895853579044342,0.55757075548172,1,1701261069405
1701261072425,0.1882258206605911,0.5554976761341095,1,1701261069405
1701261072477,0.1983928084373474,0.5490424036979675,1,1701261069405
1701261072531,0.2080385535955429,0.5614764094352722,1,1701261069405
1701261072582,0.3478339612483978,0.4458245038986206,1,1701261069405
1701261072635,0.3049903810024261,0.4095134735107422,1,1701261069405
1701261072686,0.3963553607463836,0.4148810505867004,1,1701261069405
1701261072735,0.5991565585136414,0.0600805282592772,1,1701261069405
1701261072785,nan,nan,2,1701261069405
1701261072834,nan,nan,2,1701261069405
1701261072893,nan,nan,2,1701261069405
1701261072952,0.4715569317340851,0.3645456433296203,1,1701261069405
1701261073013,0.0609093867242336,0.4139783978462219,1,1701261069405
1701261073071,0.4907970130443573,0.6494939923286438,1,1701261069405
1701261073131,0.1321919113397598,0.4821283221244812,1,1701261069405
1701261073188,0.5995967388153076,0.797361359000206,1,1701261069405
1701261073247,0.0790741220116615,0.495456337928772,1,1701261069405
1701261073305,0.4144006669521332,0.1995455622673034,1,1701261069405
1701261073366,0.4862355589866638,0.0856981873512268,1,1701261069405
1701261073425,0.0827376767992973,0.4915597438812256,1,1701261069405
1701261073484,0.2320109456777572,0.4220935702323913,1,1701261069405
1701261073541,0.2340574562549591,0.4977459907531738,1,1701261069405
1701261073600,0.1983495503664016,0.4631663560867309,1,1701261069405
1701261073658,0.5660913586616516,0.4125359654426574,1,1701261069405
1701261073712,0.6270356774330139,0.5680845975875854,1,1701261069405
1701261073763,0.3868193328380584,0.3813402056694031,1,1701261069405
1701261073816,0.3383170664310455,0.3504191637039184,1,1701261069405
1701261073867,0.5377015471458435,0.0281828641891479,1,1701261069405
1701261073919,nan,nan,2,1701261069405
1701261073972,nan,nan,2,1701261069405
1701261074023,nan,nan,2,1701261069405
1701261074080,nan,nan,2,1701261069405
1701261074141,0.5601094365119934,0.3691476583480835,1,1701261069405
1701261074199,nan,nan,2,1701261069405
1701261074258,nan,nan,2,1701261069405
1701261074317,0.5229921340942383,0.7394203245639801,1,1701261069405
1701261074376,0.7227332592010498,0.6351226270198822,1,1701261069405
1701261074431,nan,nan,2,1701261069405
1701261074485,nan,nan,2,1701261069405
1701261074545,0.7462435960769653,0.955643966794014,1,1701261069405
1701261074606,nan,nan,2,1701261069405
1701261074662,nan,nan,2,1701261069405
1701261074717,0.7808568477630615,0.81089286506176,1,1701261069405
1701261074771,0.2373372018337249,0.3923968076705932,1,1701261069405
1701261074823,0.2333963364362716,0.4074372053146362,1,1701261069405
1701261074877,0.3220452964305877,0.4192128181457519,1,1701261069405
1701261074929,0.3161316514015198,0.410499632358551,1,1701261069405
1701261074986,0.3167602717876434,0.4002619981765747,1,1701261069405
1701261075042,0.3375704884529114,0.3962286114692688,1,1701261069405
1701261075098,nan,nan,2,1701261069405
1701261075156,0.3206910789012909,0.3573889136314392,1,1701261069405
1701261075211,nan,nan,2,1701261069405
1701261075268,0.5606065392494202,0.6041740775108337,1,1701261069405
1701261075326,nan,nan,2,1701261069405
1701261075385,nan,nan,2,1701261069405
1701261075448,0.5535058379173279,0.6166542768478394,1,1701261069405
1701261075506,0.2337576299905777,0.3961221575736999,1,1701261069405
1701261075565,0.2620883882045746,0.8913960382342339,1,1701261069405
1701261075619,0.3212600946426391,0.9588514864444732,1,1701261069405
1701261075672,nan,nan,2,1701261069405
1701261075723,0.5238288044929504,0.532949298620224,1,1701261069405
1701261075773,0.5709517002105713,0.552484929561615,1,1701261069405
1701261075824,0.3216446042060852,0.3790199160575866,1,1701261069405
1701261075878,0.3221808075904846,0.4288685321807861,1,1701261069405
1701261075933,0.3148920834064483,0.3498995900154114,1,1701261069405
1701261075989,0.5429008603096008,0.442472755908966,1,1701261069405
1701261076043,0.5201622247695923,0.3978698253631592,1,1701261069405
1701261076097,0.5032200217247009,0.410417377948761,1,1701261069405
1701261076148,0.545966625213623,0.4068856239318847,1,1701261069405
1701261076198,nan,nan,2,1701261069405
1701261076250,nan,nan,2,1701261069405
1701261076300,0.2829535603523254,0.3032038807868957,1,1701261069405
1701261076350,0.2744888365268707,0.3896464705467224,1,1701261069405
1701261076400,0.2563742697238922,0.377798318862915,1,1701261069405
1701261076451,0.2672435343265533,0.3663210868835449,1,1701261069405
1701261076504,0.2818194329738617,0.3798367977142334,1,1701261069405
1701261076556,0.271884948015213,0.5381813943386078,1,1701261069405
1701261076607,0.2276935130357742,0.5327801704406738,1,1701261069405
1701261076670,0.2316967397928238,0.5086131989955902,1,1701261069405
1701261076731,nan,nan,2,1701261069405
1701261076786,nan,nan,2,1701261069405
1701261076843,0.6019287109375,0.7749710977077484,1,1701261069405
1701261076897,0.4773854315280914,0.3701195120811462,1,1701261069405
1701261076951,0.5013814568519592,0.3898164629936218,1,1701261069405
1701261077008,nan,nan,2,1701261069405
1701261077062,nan,nan,2,1701261069405
1701261077110,0.553626537322998,0.3662955164909363,1,1701261069405
1701261077164,nan,nan,2,1701261069405
1701261077221,nan,nan,2,1701261069405
1701261077274,0.5678054690361023,0.0220503211021424,1,1701261069405
1701261077325,nan,nan,2,1701261069405
1701261077371,nan,nan,2,1701261069405
1701261077420,nan,nan,2,1701261069405
1701261077472,nan,nan,2,1701261069405
1701261077523,nan,nan,2,1701261069405
1701261077574,nan,nan,2,1701261069405
1701261077626,nan,nan,2,1701261069405
1701261077678,nan,nan,2,1701261069405
1701261077729,0.4561852216720581,0.2123306393623352,1,1701261069405
1701261077779,0.311663269996643,0.3520113825798034,1,1701261069405
1701261077831,0.2734781801700592,0.3199073672294616,1,1701261069405
1701261077883,0.2930505871772766,0.3097230195999145,1,1701261069405
1701261077932,0.2735407054424286,0.3186908960342407,1,1701261069405
1701261077984,0.2120777666568756,0.4697108268737793,1,1701261069405
1701261078038,0.1977639198303222,0.4672173857688904,1,1701261069405
1701261078088,0.1953532248735427,0.4601361751556396,1,1701261069405
1701261078140,0.2263158410787582,0.4645713567733764,1,1701261069405
1701261078194,0.2428811192512512,0.4787536263465881,1,1701261069405
1701261078245,0.2490308582782745,0.4803683161735534,1,1701261069405
1701261078293,0.2210356444120407,0.3972850441932678,1,1701261069405
1701261078343,0.1693484783172607,0.3698970675468445,1,1701261069405
1701261078397,0.1584053188562393,0.381386935710907,1,1701261069405
1701261078448,0.1589592844247818,0.371275246143341,1,1701261069405
1701261078499,0.1586187928915023,0.3768842816352844,1,1701261069405
1701261078550,0.1654690504074096,0.3829148411750793,1,1701261069405
1701261078601,0.1633528172969818,0.367575466632843,1,1701261069405
1701261078654,0.1891359686851501,0.3567927479743957,1,1701261069405
1701261078705,0.1915678083896637,0.3372595906257629,1,1701261069405
1701261078759,0.2061681896448135,0.3420857787132263,1,1701261069405
1701261078809,0.1951615512371063,0.328654944896698,1,1701261078809
1701261078860,0.1926442235708236,0.3268720507621765,1,1701261078809
1701261078911,0.2083120048046112,0.3518589735031128,1,1701261078809
1701261078964,0.2107707858085632,0.3519717454910278,1,1701261078809
1701261079016,0.206816479563713,0.3556998372077942,1,1701261078809
1701261079066,0.2083173394203186,0.3521063327789306,1,1701261078809
1701261079115,0.1921999901533126,0.3352004885673523,1,1701261078809
1701261079172,0.1871580630540847,0.3220400214195251,1,1701261078809
1701261079230,0.587832510471344,0.4053959846496582,1,1701261078809
1701261079280,0.6476123929023743,0.2707996368408203,1,1701261078809
1701261079341,0.6299917101860046,0.2357313632965088,1,1701261078809
1701261079396,0.6341652870178223,0.2770415544509887,1,1701261078809
1701261079521,0.5675229430198669,0.1895184516906738,1,1701261078809
1701261079574,0.6211851835250854,0.1814231872558593,1,1701261078809
1701261079630,0.5367358922958374,0.1868318319320678,1,1701261078809
1701261079691,0.8390228748321533,0.9805369414389132,1,1701261078809
1701261079753,nan,nan,2,1701261078809
1701261079816,0.7482470870018005,0.8889559730887413,1,1701261078809
1701261079876,nan,nan,2,1701261078809
1701261079927,nan,nan,2,1701261078809
1701261079972,nan,nan,2,1701261078809
1701261080019,nan,nan,2,1701261078809
1701261080059,nan,nan,2,1701261078809
1701261080102,0.670169398188591,0.1911530494689941,0,1701261078809
1701261080155,0.7326478036120534,0.2234262824058532,0,1701261078809
1701261080217,0.8993783295154572,0.4900745749473572,0,1701261078809
1701261080276,0.9183511435985564,0.3899838924407959,0,1701261078809
1701261080334,0.937057172258695,0.2192171216011047,0,1701261078809
1701261080393,0.9200171530246736,0.1251744627952575,0,1701261078809
1701261080449,0.9339502155780792,0.1263282895088195,0,1701261078809
1701261080505,0.9218853985269864,0.1260770559310913,0,1701261078809
1701261080563,0.9201205745339394,0.138092815876007,0,1701261078809
1701261080622,0.9053259094556172,0.1477501988410949,0,1701261078809
1701261080676,0.9258718639612198,0.1226236224174499,0,1701261078809
1701261080724,nan,nan,2,1701261078809
1701261080767,nan,nan,2,1701261078809
1701261080807,nan,nan,2,1701261080807
1701261080843,nan,nan,2,1701261080807
1701261080881,nan,nan,2,1701261080807
1701261080923,nan,nan,2,1701261080807
1701261080974,nan,nan,2,1701261080807
1701261081029,nan,nan,2,1701261080807
1701261081085,0.8469244837760925,0.7576052248477936,1,1701261080807
1701261081149,0.6373156309127808,0.6931100785732269,1,1701261080807
1701261081216,0.7220941781997681,0.7168167233467102,1,1701261080807
1701261081278,nan,nan,2,1701261080807
1701261081340,nan,nan,2,1701261080807
1701261081401,0.7530009746551514,0.6626817286014557,1,1701261080807
1701261081465,nan,nan,2,1701261080807
1701261081525,nan,nan,2,1701261080807
1701261081589,nan,nan,2,1701261080807
1701261081655,nan,nan,2,1701261080807
1701261081710,nan,nan,2,1701261080807
1701261081758,nan,nan,2,1701261080807
1701261081804,nan,nan,2,1701261080807
1701261081857,nan,nan,2,1701261080807
1701261081908,nan,nan,2,1701261080807
1701261081960,0.5255803763866425,0.2623713612556457,0,1701261080807
1701261082013,nan,nan,2,1701261080807
1701261082067,0.4833609287937482,0.2905615568161011,0,1701261080807
1701261082121,0.5378180046876272,0.3297348618507385,0,1701261080807
1701261082174,0.5343711425860723,0.320195198059082,0,1701261080807
1701261082225,0.5395692636569341,0.3308011889457702,0,1701261080807
1701261082279,0.5414474308490753,0.3421638607978821,0,1701261080807
1701261082331,0.544937680164973,0.3417209386825561,0,1701261080807
1701261082384,0.5449106097221375,0.3348914980888366,0,1701261080807
1701261082438,0.5477327903111776,0.3320128917694092,0,1701261080807
1701261082489,0.548699826002121,0.3345650434494018,0,1701261080807
1701261082541,0.5526307771603267,0.3202811479568481,0,1701261080807
1701261082593,0.5522479663292568,0.3194839358329773,0,1701261080807
1701261082646,0.5493539124727249,0.3326807022094726,0,1701261080807
1701261082698,0.548911323149999,0.3275947570800781,0,1701261080807
1701261082750,0.5534527003765106,0.3256692886352539,0,1701261080807
1701261082800,0.5531364977359772,0.323192298412323,0,1701261080807
1701261082853,0.5493381420771282,0.3475528955459595,0,1701261080807
1701261082906,0.5442060828208923,0.3277633786201477,0,1701261082906
1701261082959,0.5392497579256694,0.2876975536346435,0,1701261082906
1701261083013,0.5193395713965099,0.3003861308097839,0,1701261082906
1701261083073,0.5211508323748907,0.2652392983436584,0,1701261082906
1701261083129,0.2764733185370763,0.4044554233551025,0,1701261082906
1701261083184,nan,nan,2,1701261082906
1701261083235,nan,nan,2,1701261082906
1701261083287,nan,nan,2,1701261082906
1701261083342,nan,nan,2,1701261082906
1701261083401,nan,nan,2,1701261082906
1701261083466,0.6309579610824585,0.7434189915657043,1,1701261082906
1701261083524,0.1982494195302327,0.1953291893005371,0,1701261082906
1701261083581,0.1723069796959559,0.1807181239128112,0,1701261082906
1701261083638,0.1663922394315402,0.1678654551506042,0,1701261082906
1701261083695,0.4816455245018005,0.8227101117372513,1,1701261082906
1701261083750,0.1461361224452654,0.2303187251091003,0,1701261082906
1701261083808,0.509617269039154,0.7921604216098785,1,1701261082906
1701261083864,0.1599033350745837,0.1475767493247985,0,1701261082906
1701261083920,nan,nan,2,1701261082906
1701261083979,0.520709753036499,0.7732178866863251,1,1701261082906
1701261084037,0.2431542873382568,0.5522283017635345,1,1701261082906
1701261084097,0.1943324953317642,0.4107494354248047,1,1701261084097
1701261084152,nan,nan,2,1701261084097
1701261084209,nan,nan,2,1701261084097
1701261084266,nan,nan,2,1701261084097
1701261084326,nan,nan,2,1701261084097
1701261084385,nan,nan,2,1701261084097
1701261084444,nan,nan,2,1701261084097
1701261084499,nan,nan,2,1701261084097
1701261084557,0.1769081354141235,0.4432851076126098,1,1701261084097
1701261084612,nan,nan,2,1701261084097
1701261084668,nan,nan,2,1701261084097
1701261084733,nan,nan,2,1701261084097
1701261084794,0.1937172263860702,0.441508412361145,1,1701261084097
1701261084853,nan,nan,2,1701261084097
1701261084914,0.1965567469596862,0.4726174473762512,1,1701261084097
1701261084976,nan,nan,2,1701261084097
1701261085034,nan,nan,2,1701261084097
1701261085091,0.3739537000656128,0.461600124835968,1,1701261084097
1701261085147,nan,nan,2,1701261084097
1701261085206,nan,nan,2,1701261084097
1701261085318,0.6481255292892456,0.6701907813549042,1,1701261084097
1701261085370,nan,nan,2,1701261084097
1701261085423,nan,nan,2,1701261084097
1701261085475,0.5122705101966858,0.1464687585830688,1,1701261084097
1701261085524,0.5005667805671692,0.1000745892524719,1,1701261084097
1701261085577,nan,nan,2,1701261084097
1701261085630,nan,nan,2,1701261084097
1701261085685,nan,nan,2,1701261084097
1701261085733,nan,nan,2,1701261084097
1701261085778,nan,nan,2,1701261084097
1701261085821,nan,nan,2,1701261084097
1701261085868,nan,nan,2,1701261084097
1701261085917,nan,nan,2,1701261084097
1701261085970,nan,nan,2,1701261084097
1701261086034,nan,nan,2,1701261084097
1701261086100,nan,nan,2,1701261084097
1701261086162,0.971209687491258,0.0624542236328123,0,1701261084097
1701261086229,nan,nan,2,1701261084097
1701261086292,0.7076278378566108,0.1037894487380981,0,1701261084097
1701261086352,0.5455867250760397,0.2631885409355163,0,1701261084097
1701261086410,nan,nan,2,1701261084097
1701261086470,nan,nan,2,1701261086470
1701261086528,0.5120238463083904,0.3683429956436157,0,1701261083466
1701261086584,0.4979756648341815,0.3175677061080932,0,1701261083466
1701261086639,0.5065766274929047,0.2921027541160583,0,1701261083466
1701261086692,0.5234093020359676,0.2411196231842041,0,1701261083466
1701261086748,0.5124557813008627,0.3136085271835327,0,1701261083466
1701261086802,0.4981417879462242,0.3166284561157226,0,1701261083466
1701261086857,0.5021371990442276,0.2814186215400696,0,1701261083466
1701261086911,0.5011459986368816,0.2978507280349731,0,1701261083466
1701261086969,0.5050708403189977,0.3082576394081116,0,1701261083466
1701261087025,0.5036776810884476,0.2910575866699219,0,1701261083466
1701261087078,0.505054771900177,0.3101404309272766,0,1701261083466
1701261087138,0.5047979007164638,0.31143319606781,0,1701261083466
1701261087198,0.5132179508606594,0.280331552028656,0,1701261083466
1701261087254,0.5123324741919836,0.262723445892334,0,1701261083466
1701261087312,0.5102432072162628,0.276841938495636,0,1701261083466
1701261087366,0.5120783348878225,0.2677217125892639,0,1701261083466
1701261087422,0.5121944397687912,0.2540479302406311,0,1701261083466
1701261087477,0.507038339972496,0.2877073287963867,0,1701261083466
1701261087530,0.5059300661087036,0.2913168668746948,0,1701261083466
1701261087581,0.5104321539402008,0.2726803421974182,0,1701261083466
1701261087634,0.5211567928393682,0.2458579540252685,0,1701261083466
1701261087691,0.519070953130722,0.2496231198310852,0,1701261083466
1701261087750,0.4986974646647771,0.2663242220878601,0,1701261083466
1701261087805,0.4806785210967064,0.2669285535812378,0,1701261083466
1701261087859,0.476673349738121,0.2802588939666748,0,1701261083466
1701261087915,0.4852996940414111,0.2762067914009094,0,1701261083466
1701261087972,0.5036922842264175,0.2641712427139282,0,1701261083466
1701261088026,0.5169969598452251,0.280026376247406,0,1701261083466
1701261088082,0.5251189867655437,0.2841283679008484,0,1701261083466
1701261088136,0.4561980863412221,0.319631814956665,0,1701261083466
1701261088190,0.5135541210571926,0.3072148561477661,0,1701261083466
1701261088243,0.5036319593588512,0.2999072670936584,0,1701261083466
1701261088297,0.5049314896265666,0.2955775260925293,0,1701261083466
1701261088348,0.5098915894826254,0.3139382600784302,0,1701261083466
1701261088398,0.5155266871054968,0.3165273070335388,0,1701261083466
1701261088450,0.5176450113455455,0.3437990546226501,0,1701261083466
1701261088505,0.5179708003997803,0.3407779932022095,0,1701261083466
1701261088564,0.5061033666133881,0.3209000825881958,0,1701261083466
1701261088620,0.3012315318919718,0.5476700961589813,0,1701261083466
1701261088678,0.5616296132405599,0.2377799749374389,0,1701261083466
1701261088729,0.5675051907698314,0.2308605313301086,0,1701261083466
1701261088785,0.2498517806331316,0.250329315662384,0,1701261083466
1701261088841,0.5135974586009979,0.3857482075691223,0,1701261083466
1701261088898,0.4613487596313159,0.1660545468330383,0,1701261083466
1701261088957,0.5478610396385193,0.4012030959129333,0,1701261083466
1701261089015,0.4584281941254934,0.1789757013320922,0,1701261083466
1701261089085,0.5429986913998922,0.3058453202247619,0,1701261083466
1701261089143,0.4284058685104052,0.2152777910232544,0,1701261083466
1701261089198,nan,nan,2,1701261083466
1701261089243,nan,nan,2,1701261083466
1701261089288,0.2644705648223559,0.2654471397399902,0,1701261083466
1701261089337,nan,nan,2,1701261083466
1701261089390,0.6869012117385864,0.6740055978298187,1,1701261083466
1701261089446,0.7017802596092224,0.6843050122261047,1,1701261083466
1701261089508,0.7306703925132751,0.6981635689735413,1,1701261083466
1701261089560,0.1650367379188537,0.4205897450447082,0,1701261083466
1701261089616,0.2088597466548284,0.1869919300079345,0,1701261083466
1701261089673,0.4737698137760162,0.8010188788175583,1,1701261083466
1701261089732,0.1913559560974439,0.2304096817970276,0,1701261083466
1701261089788,0.4870069026947021,0.8107655197381974,1,1701261083466
1701261089842,0.1883267785112063,0.2324405908584594,0,1701261083466
1701261089900,0.1869828378160794,0.2602269649505615,0,1701261083466
1701261089959,0.202982818086942,0.2126304507255554,0,1701261083466
1701261090012,0.4873313009738922,0.7787997424602509,1,1701261083466
1701261090069,0.1958056539297104,0.3194756507873535,0,1701261083466
1701261090126,0.471840500831604,0.7739174216985703,1,1701261083466
1701261090183,nan,nan,2,1701261083466
1701261090237,nan,nan,2,1701261083466
1701261090292,0.4897622466087341,0.7670737206935883,1,1701261083466
1701261090348,nan,nan,2,1701261083466
1701261090404,nan,nan,2,1701261083466
1701261090459,0.5120868682861328,0.7838207185268402,1,1701261083466
1701261090524,nan,nan,2,1701261083466
1701261090585,0.5155333280563354,0.7810646891593933,1,1701261083466
1701261090644,0.2334780469536781,0.452597975730896,0,1701261083466
1701261090703,0.2674305339654286,0.3628855347633362,0,1701261083466
1701261090760,0.2631701727708181,0.4144286513328552,0,1701261083466
1701261090818,nan,nan,2,1701261090818
1701261090874,nan,nan,2,1701261090818
1701261090932,0.6058191657066345,0.803974911570549,1,1701261090818
1701261090993,0.3068841236333052,0.461386501789093,0,1701261090818
1701261091052,0.807468056678772,0.7840434163808823,1,1701261090818
1701261091115,0.8201469779014587,0.7382141649723053,1,1701261090818
1701261091178,0.818627655506134,0.7965541630983353,1,1701261090818
1701261091237,0.7919737100601196,0.8017096519470215,1,1701261090818
1701261091297,0.4607853715618452,0.2364782094955444,0,1701261090818
1701261091356,0.442353181540966,0.3082344532012939,0,1701261090818
1701261091417,0.4666948740681013,0.2319105267524719,0,1701261090818
1701261091477,0.675134688615799,0.4145352244377136,0,1701261090818
1701261091536,nan,nan,2,1701261090818
1701261091600,0.5932957530021667,0.8587571531534195,1,1701261090818
1701261091661,0.5612487196922302,0.8626116961240768,1,1701261090818
1701261091729,nan,nan,2,1701261090818
1701261091778,nan,nan,2,1701261090818
1701261091817,nan,nan,2,1701261090818
1701261091857,nan,nan,2,1701261090818
1701261091894,nan,nan,2,1701261090818
1701261091936,nan,nan,2,1701261090818
1701261091982,nan,nan,2,1701261090818
1701261092030,nan,nan,2,1701261090818
1701261092086,0.87999527156353,0.6668276190757751,0,1701261090818
1701261092145,0.9499093766013782,0.6293293535709381,0,1701261090818
1701261092200,0.859552043179671,0.6544939279556274,0,1701261090818
1701261092261,0.8625235731403034,0.6869271695613861,0,1701261090818
1701261092318,nan,nan,2,1701261090818
1701261092374,0.5496881951888403,0.586353212594986,0,1701261090818
1701261092429,0.529021774729093,0.4822203516960144,0,1701261090818
1701261092483,0.529662698507309,0.3894030451774597,0,1701261092483
1701261092538,0.5434088458617529,0.3713470101356506,0,1701261092483
1701261092592,0.5596023350954056,0.3960044384002685,0,1701261092483
1701261092644,0.5739225000143051,0.4014619588851928,0,1701261092483
1701261092699,0.579726775487264,0.3873831629753113,0,1701261092483
1701261092752,0.5864330182472866,0.3867873549461365,0,1701261092483
1701261092806,0.5943614294131597,0.3549339175224304,0,1701261092483
1701261092859,0.6007868349552155,0.356075644493103,0,1701261092483
1701261092911,0.6053294291098913,0.3482532501220703,0,1701261092483
1701261092965,0.6129336655139923,0.3456271886825561,0,1701261092483
1701261093021,0.6140520224968593,0.3448850512504577,0,1701261092483
1701261093075,0.6074587305386862,0.3483443856239319,0,1701261092483
1701261093128,0.6029076178868612,0.3453360795974731,0,1701261092483
1701261093181,0.6073862860600154,0.3175108432769775,0,1701261092483
1701261093232,0.60274904469649,0.3298342823982239,0,1701261092483
1701261093284,0.6012921581665676,0.3560733795166015,0,1701261092483
1701261093336,0.5987113763888677,0.3620988726615906,0,1701261092483
1701261093389,0.5893228004376094,0.3736478090286255,0,1701261092483
1701261093446,0.5904005269209545,0.3401830196380615,0,1701261092483
1701261093502,nan,nan,2,1701261092483
1701261093547,nan,nan,2,1701261092483
1701261093586,nan,nan,2,1701261092483
1701261093624,nan,nan,2,1701261092483
1701261093664,nan,nan,2,1701261092483
1701261093711,nan,nan,2,1701261092483
1701261093759,0.1679553141196569,0.1452395915985107,0,1701261092483
1701261093813,0.5977440476417542,0.8078730404376984,1,1701261092483
1701261093865,0.5486041903495789,0.8029804229736328,1,1701261092483
1701261093919,nan,nan,2,1701261092483
1701261093976,0.5469484329223633,0.8038006275892258,1,1701261092483
1701261094028,0.5324062705039978,0.7956400811672211,1,1701261092483
1701261094083,nan,nan,2,1701261092483
1701261094136,nan,nan,2,1701261092483
1701261094188,0.5374948382377625,0.8073431253433228,1,1701261092483
1701261094241,nan,nan,2,1701261092483
1701261094298,nan,nan,2,1701261092483
1701261094355,nan,nan,2,1701261092483
1701261094405,nan,nan,2,1701261092483
1701261094447,nan,nan,2,1701261092483
1701261094485,nan,nan,2,1701261092483
1701261094526,nan,nan,2,1701261092483
1701261094572,0.2754841819405556,0.5128866732120514,0,1701261092483
1701261094624,nan,nan,2,1701261092483
1701261094677,nan,nan,2,1701261092483
1701261094732,nan,nan,2,1701261092483
1701261094786,0.5687303890784582,0.2611377239227295,0,1701261092483
1701261094845,nan,nan,2,1701261092483
1701261094898,nan,nan,2,1701261092483
1701261094956,0.6234301428000133,0.4187355041503906,0,1701261092483
1701261095009,nan,nan,2,1701261092483
1701261095063,0.6141203194856644,0.4627898335456848,0,1701261092483
1701261095116,0.6133741190036138,0.5003510117530823,0,1701261092483
1701261095167,0.6098446051279705,0.5139862895011902,0,1701261092483
1701261095222,0.6098247369130453,0.5336096584796906,0,1701261092483
1701261095273,0.5529578824838003,0.2966894507408142,0,1701261092483
1701261095324,nan,nan,2,1701261092483
1701261095373,0.6173056413729986,0.541220486164093,0,1701261092483
1701261095427,0.6344573001066844,0.4913655519485473,0,1701261095427
1701261095480,nan,nan,2,1701261095427
1701261095540,0.5698106735944748,0.2986072897911072,0,1701261095427
1701261095599,nan,nan,2,1701261095427
1701261095658,nan,nan,2,1701261095427
1701261095715,nan,nan,2,1701261095427
1701261095767,nan,nan,2,1701261095427
1701261095818,0.2243137781818708,0.3644701242446899,0,1701261095427
1701261095868,nan,nan,2,1701261095427
1701261095919,nan,nan,2,1701261095427
1701261095978,0.6301838159561157,0.9460282772779464,1,1701261095427
1701261096040,nan,nan,2,1701261095427
1701261096098,0.5282045006752014,0.9301554635167122,1,1701261095427
1701261096155,0.4334600567817688,0.8495083004236221,1,1701261095427
1701261096209,nan,nan,2,1701261095427
1701261096263,nan,nan,2,1701261095427
1701261096321,0.5448566675186157,0.8643329739570618,1,1701261095427
1701261096377,nan,nan,2,1701261095427
1701261096435,nan,nan,2,1701261095427
1701261096494,0.5426467657089233,0.8600141704082489,1,1701261095427
1701261096549,0.4941872656345367,0.8523387014865876,1,1701261095427
1701261096605,nan,nan,2,1701261095427
1701261096661,0.5461782813072205,0.8598602414131165,1,1701261095427
1701261096715,nan,nan,2,1701261095427
1701261096774,nan,nan,2,1701261095427
1701261096831,0.54571133852005,0.8302495926618576,1,1701261095427
1701261096889,0.545886218547821,0.8385770618915558,1,1701261095427
1701261096950,0.5441244840621948,0.8354748785495758,1,1701261095427
1701261097009,0.5281044244766235,0.8399247527122498,1,1701261095427
1701261097065,nan,nan,2,1701261097065
1701261097120,0.5723385214805603,0.8445887714624405,1,1701261097065
1701261097181,0.5885388255119324,0.7920197248458863,1,1701261097065
1701261097241,nan,nan,2,1701261097065
1701261097300,nan,nan,2,1701261097065
1701261097359,0.5970754027366638,0.8125472515821457,1,1701261097065
1701261097418,0.558009147644043,0.8058655709028244,1,1701261097065
1701261097476,nan,nan,2,1701261097065
1701261097536,nan,nan,2,1701261097065
1701261097591,nan,nan,2,1701261097065
1701261097633,nan,nan,2,1701261097065
1701261097678,nan,nan,2,1701261097065
1701261097724,nan,nan,2,1701261097065
1701261097769,nan,nan,2,1701261097065
1701261097817,nan,nan,2,1701261097065
1701261097872,nan,nan,2,1701261097065
1701261097925,nan,nan,2,1701261097065
1701261097991,0.9746427287658056,0.5771017670631409,0,1701261097065
1701261098056,0.8629777481158575,0.3671954870223999,0,1701261097065
1701261098121,0.9159904941916466,0.5503429174423218,0,1701261097065
1701261098182,0.8847644130388896,0.6658523082733154,0,1701261097065
1701261098241,0.8882495214541754,0.810715064406395,0,1701261097065
1701261098306,0.6473129540681839,0.4911087155342102,0,1701261097065
1701261098370,nan,nan,2,1701261097065
1701261098424,nan,nan,2,1701261097065
1701261098469,nan,nan,2,1701261097065
1701261098513,nan,nan,2,1701261097065
1701261098555,nan,nan,2,1701261097065
1701261098597,nan,nan,2,1701261097065
1701261098646,nan,nan,2,1701261097065
1701261098696,0.349926196038723,0.3425554633140564,0,1701261097065
1701261098753,0.7627876996994019,0.8749380111694336,1,1701261097065
1701261098812,nan,nan,2,1701261097065
1701261098874,0.8413531184196472,0.9036629125475883,1,1701261097065
1701261098934,0.3252984198431174,0.5854023993015289,0,1701261097065
1701261098993,nan,nan,2,1701261097065
1701261099054,0.7910013794898987,0.9584152661263944,1,1701261097065
1701261099115,0.382917565604051,0.7289466261863708,0,1701261097065
1701261099173,0.3449501271049182,0.9563267044723034,0,1701261097065
1701261099232,0.2994652584505577,0.8442490994930267,0,1701261097065
1701261099291,0.3986424754063288,0.8689794391393661,0,1701261097065
1701261099350,0.4571091557542483,0.706787645816803,0,1701261097065
1701261099411,0.4585300932327906,0.9789914172142744,0,1701261097065
1701261099470,0.5142945349216461,0.9426137320697308,0,1701261097065
1701261099527,nan,nan,2,1701261097065
1701261099584,0.6175142526626587,0.8479672372341156,1,1701261097065
1701261099734,nan,nan,2,1701261097065
1701261099812,nan,nan,2,1701261097065
1701261099875,nan,nan,2,1701261097065
1701261099925,nan,nan,2,1701261097065
1701261099971,nan,nan,2,1701261097065
1701261100017,nan,nan,2,1701261097065
1701261100061,nan,nan,2,1701261097065
1701261100107,nan,nan,2,1701261097065
1701261100154,0.6215960085391998,0.6285226345062256,0,1701261097065
1701261100208,nan,nan,2,1701261097065
1701261100262,0.6584848513205847,0.2419837713241577,0,1701261097065
1701261100314,0.787779975682497,0.551980584859848,0,1701261097065
1701261100365,0.8091948082049688,0.6167584657669067,0,1701261100365
1701261100420,nan,nan,2,1701261100365
1701261100483,nan,nan,2,1701261100365
1701261100546,0.878200389444828,0.6653488576412201,0,1701261100365
1701261100609,nan,nan,2,1701261100365
1701261100668,nan,nan,2,1701261100365
1701261100726,0.7046257754166921,0.8293432593345642,0,1701261100365
1701261100784,0.6580904424190521,0.6516039967536926,0,1701261100365
1701261100840,0.654335970679919,0.4946916699409485,0,1701261100365
1701261100898,0.6432716101408005,0.4056721925735473,0,1701261100365
1701261100959,0.6430533826351166,0.3531988263130188,0,1701261100365
1701261101016,0.5622990727424622,0.3796796202659607,0,1701261100365
1701261101068,0.6517368853092194,0.3445807099342346,0,1701261100365
1701261101122,0.654214104016622,0.3467708230018616,0,1701261100365
1701261101174,0.6597334941228231,0.3309415578842163,0,1701261100365
1701261101226,0.6600818087657293,0.3367343544960022,0,1701261100365
1701261101280,0.65989455084006,0.3457845449447632,0,1701261100365
1701261101336,0.6658275226751964,0.3540095090866089,0,1701261100365
1701261101388,0.67848735054334,0.3531556129455566,0,1701261100365
1701261101439,0.6803871492544811,0.3595284819602966,0,1701261100365
1701261101494,0.6754666368166606,0.3819354772567749,0,1701261100365
1701261101546,0.6755087574323019,0.3856099247932434,0,1701261100365
1701261101599,0.6829421271880469,0.3644920587539673,0,1701261100365
1701261101650,0.681361734867096,0.377368688583374,0,1701261100365
1701261101700,0.6797956228256226,0.3780872225761413,0,1701261100365
1701261101752,0.6725438733895621,0.3783549070358276,0,1701261100365
1701261101804,0.6687078177928925,0.4022820591926574,0,1701261100365
1701261101858,0.6757134248812994,0.4012766480445862,0,1701261100365
1701261101907,0.6758938034375508,0.4064013361930847,0,1701261100365
1701261101960,0.6760748525460563,0.4044529795646667,0,1701261100365
1701261102013,0.6731731742620468,0.4139557480812073,0,1701261100365
1701261102065,0.6701812942822775,0.4211799502372741,0,1701261100365
1701261102118,0.6708133270343146,0.4122579097747803,0,1701261100365
1701261102169,0.6698746780554454,0.4150719046592712,0,1701261100365
1701261102219,0.6726961880922318,0.4296773672103882,0,1701261100365
1701261102270,0.6739052186409633,0.4304609894752502,0,1701261100365
1701261102324,0.6614532371362051,0.441625714302063,0,1701261100365
1701261102377,0.6502394179503124,0.3185108304023742,0,1701261100365
1701261102429,0.5277095288038254,0.4773609638214111,0,1701261102429
1701261102478,0.6433254530032476,0.3122809529304504,0,1701261102429
1701261102532,0.7155395646890005,0.4361500144004822,0,1701261102429
1701261102592,0.6028849184513092,0.2833617925643921,0,1701261102429
1701261102650,0.4780037502447764,0.4599364995956421,0,1701261102429
1701261102709,0.6609708865483602,0.2676424980163574,0,1701261102429
1701261102767,0.6325644552707672,0.2830913662910461,0,1701261102429
1701261102827,0.5811405728260677,0.2408311367034912,0,1701261102429
1701261102885,0.5415882716576259,0.2030545473098755,0,1701261102429
1701261102938,nan,nan,2,1701261102429
1701261102992,nan,nan,2,1701261102429
1701261103038,nan,nan,2,1701261102429
1701261103088,0.2040661623080571,0.2340304255485534,0,1701261102429
1701261103135,nan,nan,2,1701261102429
1701261103187,nan,nan,2,1701261102429
1701261103242,0.8114585876464844,0.885684572160244,1,1701261102429
1701261103300,nan,nan,2,1701261102429
1701261103358,0.7096235156059265,0.8461081385612488,1,1701261102429
1701261103412,0.6254768371582031,0.8314682841300964,1,1701261102429
1701261103469,0.6655089259147644,0.8744649589061737,1,1701261102429
1701261103521,0.6583719253540039,0.8709850460290909,1,1701261102429
1701261103571,0.6568984389305115,0.8651026785373688,1,1701261102429
1701261103627,nan,nan,2,1701261102429
1701261103684,nan,nan,2,1701261102429
1701261103740,0.6514668464660645,0.8165498971939087,1,1701261102429
1701261103794,0.6267270445823669,0.8245276808738708,1,1701261102429
1701261103849,nan,nan,2,1701261102429
1701261103905,0.6042317748069763,0.8616700470447541,1,1701261102429
1701261103963,0.5755614638328552,0.8641777038574219,1,1701261102429
1701261104017,nan,nan,2,1701261102429
1701261104070,0.6030567288398743,0.8343054950237275,1,1701261102429
1701261104121,0.5914068818092346,0.8221274316310883,1,1701261104121
1701261104175,0.5974630117416382,0.8167436122894287,1,1701261104121
1701261104232,nan,nan,2,1701261104121
1701261104284,0.6343502998352051,0.8191566318273544,1,1701261104121
1701261104340,0.8110524415969849,0.8862819969654084,1,1701261104121
1701261104397,0.8055737614631653,0.9104380309581755,1,1701261104121
1701261104450,nan,nan,2,1701261104121
1701261104501,nan,nan,2,1701261104121
1701261104558,0.8412200808525085,0.9818440824747086,1,1701261104121
1701261104612,nan,nan,2,1701261104121
1701261104669,nan,nan,2,1701261104121
1701261104724,nan,nan,2,1701261104121
1701261104778,nan,nan,2,1701261104121
1701261104830,nan,nan,2,1701261104121
1701261104876,nan,nan,2,1701261104121
1701261104922,nan,nan,2,1701261104121
1701261104972,nan,nan,2,1701261104121
1701261105025,nan,nan,2,1701261104121
1701261105069,nan,nan,2,1701261104121
1701261105117,nan,nan,2,1701261104121
1701261105169,nan,nan,2,1701261104121
1701261105221,nan,nan,2,1701261104121
1701261105274,0.0507281416406233,0.0552898049354552,0,1701261104121
1701261105335,nan,nan,2,1701261104121
1701261105399,nan,nan,2,1701261104121
1701261105459,nan,nan,2,1701261104121
1701261105518,nan,nan,2,1701261104121
1701261105570,0.7644391370316347,0.4065777659416199,0,1701261104121
1701261105629,0.7050995826721191,0.2618463039398193,0,1701261104121
1701261105686,0.5720428427060446,0.2891420722007751,0,1701261104121
1701261105747,0.5746020923058193,0.2960156798362732,0,1701261104121
1701261105802,0.5852626313765844,0.2596406936645508,0,1701261104121
1701261105856,0.6005132993062338,0.2507632970809936,0,1701261104121
1701261105912,nan,nan,2,1701261104121
1701261105962,nan,nan,2,1701261105962
1701261106010,0.2839749157428742,0.3247300982475281,0,1701261105962
1701261106059,0.1768960679570834,0.1875789165496826,0,1701261105962
1701261106111,nan,nan,2,1701261105962
1701261106159,nan,nan,2,1701261105962
1701261106213,nan,nan,2,1701261105962
1701261106272,nan,nan,2,1701261105962
1701261106334,nan,nan,2,1701261105962
1701261106397,nan,nan,2,1701261105962
1701261106459,0.5576459765434265,0.9079897776246072,1,1701261105962
1701261106515,0.5169844627380371,0.929211623966694,1,1701261105962
1701261106569,nan,nan,2,1701261105962
1701261106626,0.5241008400917053,0.904167965054512,1,1701261105962
1701261106683,0.5214012265205383,0.8983148857951165,1,1701261105962
1701261106741,nan,nan,2,1701261105962
1701261106800,nan,nan,2,1701261105962
1701261106855,nan,nan,2,1701261105962
1701261106904,nan,nan,2,1701261105962
1701261106954,nan,nan,2,1701261105962
1701261107002,nan,nan,2,1701261105962
1701261107051,nan,nan,2,1701261105962
1701261107106,nan,nan,2,1701261105962
1701261107164,nan,nan,2,1701261107164
1701261107221,0.6001377403736115,0.2906234264373779,0,1701261107164
1701261107277,0.5938133150339127,0.2725395560264587,0,1701261107164
1701261107334,0.5687860945860546,0.5292252898216248,0,1701261107164
1701261107395,nan,nan,2,1701261107164
1701261107451,nan,nan,2,1701261107164
1701261107511,nan,nan,2,1701261107164
1701261107569,nan,nan,2,1701261107164
1701261107624,0.581556315223376,0.5375190675258636,0,1701261107164
1701261107681,0.5810355444749197,0.5550671517848969,0,1701261107164
1701261107739,nan,nan,2,1701261107164
1701261107798,nan,nan,2,1701261107164
1701261107853,0.4705251554648081,0.4345267415046692,0,1701261107164
1701261107909,0.6240224142869314,0.491462767124176,0,1701261107164
1701261107963,0.7354307053610682,0.4335641264915466,0,1701261107164
1701261108021,nan,nan,2,1701261107164
1701261108076,0.7831296933194002,0.4802532792091369,0,1701261107164
1701261108129,0.4869966010252635,0.4633990526199341,0,1701261107164
1701261108184,0.7853305861353874,0.4963942766189575,0,1701261108184
1701261108235,nan,nan,2,1701261108184
1701261108294,0.6843252778053284,0.4444049596786499,0,1701261108184
1701261108350,nan,nan,2,1701261108184
1701261108408,0.7892414455612501,0.4997273683547973,0,1701261108184
1701261108467,0.7896801916261514,0.4787052273750305,0,1701261108184
1701261108521,nan,nan,2,1701261108184
1701261108578,0.6849972705046337,0.4111489653587341,0,1701261108184
1701261108634,0.6622706900040309,0.4001418948173523,0,1701261108184
1701261108687,nan,nan,2,1701261108184
1701261108743,0.749770254517595,0.477692186832428,0,1701261108184
1701261108801,0.7507053421189388,0.4818426966667175,0,1701261108184
1701261108862,nan,nan,2,1701261108184
1701261108923,0.7434575309356054,0.4921441078186035,0,1701261108184
1701261108983,nan,nan,2,1701261108184
1701261109042,nan,nan,2,1701261108184
1701261109100,0.538086473941803,0.4120945930480957,0,1701261108184
1701261109165,0.55947711567084,0.4377405643463135,0,1701261108184
1701261109215,nan,nan,2,1701261108184
1701261109266,nan,nan,2,1701261108184
1701261109315,nan,nan,2,1701261108184
1701261109363,0.181063507994016,0.2718883156776428,0,1701261108184
1701261109414,nan,nan,2,1701261108184
1701261109470,0.5964217185974121,0.8825509920716286,1,1701261108184
1701261109525,nan,nan,2,1701261108184
1701261109582,nan,nan,2,1701261108184
1701261109647,nan,nan,2,1701261108184
1701261109707,0.5238862037658691,0.895675502717495,1,1701261108184
1701261109766,0.5740378499031067,0.9077628329396248,1,1701261108184
1701261109829,0.5668028593063354,0.9052459076046944,1,1701261108184
1701261109890,0.5332652926445007,0.8800166100263596,1,1701261108184
1701261109949,nan,nan,2,1701261108184
1701261110015,nan,nan,2,1701261108184
1701261110077,nan,nan,2,1701261108184
1701261110138,0.5885820388793945,0.8636400401592255,1,1701261108184
1701261110200,nan,nan,2,1701261108184
1701261110261,nan,nan,2,1701261108184
1701261110323,nan,nan,2,1701261108184
1701261110382,nan,nan,2,1701261108184
1701261110440,0.8150779008865356,0.912955552339554,1,1701261108184
1701261110497,0.798790693283081,0.8733476102352142,1,1701261108184
1701261110557,0.7901104092597961,0.8591187298297882,1,1701261108184
1701261110618,0.0072585484012961,0.3970617055892944,0,1701261108184
1701261110680,nan,nan,2,1701261108184
1701261110738,nan,nan,2,1701261108184
1701261110797,0.0206634967277447,0.3839550018310547,0,1701261108184
1701261110861,0.7351192235946655,0.8548633903264999,1,1701261108184
1701261110920,nan,nan,2,1701261108184
1701261110979,nan,nan,2,1701261108184
1701261111040,nan,nan,2,1701261108184
1701261111093,nan,nan,2,1701261108184
1701261111143,nan,nan,2,1701261108184
1701261111191,nan,nan,2,1701261108184
1701261111241,nan,nan,2,1701261108184
1701261111286,nan,nan,2,1701261108184
1701261111334,nan,nan,2,1701261108184
1701261111382,nan,nan,2,1701261108184
1701261111437,nan,nan,2,1701261108184
1701261111497,0.0161507131221393,0.0543280243873596,0,1701261108184
1701261111562,0.5003294150034587,0.9366163834929468,0,1701261108184
1701261111621,0.99063561608394,0.458932101726532,0,1701261108184
1701261111679,0.7462019864469767,0.5341264009475708,0,1701261108184
1701261111738,0.355535663664341,0.8242981433868409,0,1701261108184
1701261111795,0.959002750615279,0.4239695072174072,0,1701261108184
1701261111849,0.703490232427915,0.405872642993927,0,1701261108184
1701261111906,0.6893406858046851,0.3485391139984131,0,1701261108184
1701261111963,0.6692705601453781,0.3367659449577331,0,1701261111963
1701261112023,0.6315766821304958,0.2725086808204651,0,1701261111963
1701261112079,nan,nan,2,1701261111963
1701261112127,nan,nan,2,1701261111963
1701261112176,nan,nan,2,1701261111963
1701261112222,nan,nan,2,1701261111963
1701261112270,nan,nan,2,1701261111963
1701261112320,nan,nan,2,1701261111963
1701261112377,nan,nan,2,1701261111963
1701261112437,nan,nan,2,1701261111963
1701261112501,nan,nan,2,1701261111963
1701261112564,nan,nan,2,1701261111963
1701261112611,nan,nan,2,1701261111963
1701261112657,nan,nan,2,1701261111963
1701261112704,nan,nan,2,1701261111963
1701261112753,nan,nan,2,1701261111963
1701261112803,nan,nan,2,1701261111963
1701261112859,nan,nan,2,1701261111963
1701261112914,nan,nan,2,1701261111963
1701261112974,0.5853302578131359,0.2506039142608642,0,1701261111963
1701261113031,0.5700154900550842,0.2725704908370971,0,1701261111963
1701261113085,nan,nan,2,1701261111963
1701261113140,0.5692594548066457,0.2698215246200561,0,1701261111963
1701261113198,nan,nan,2,1701261111963
1701261113256,0.5740745663642883,0.2631972432136535,0,1701261111963
1701261113316,0.5663977364699047,0.276934802532196,0,1701261111963
1701261113374,nan,nan,2,1701261111963
1701261113429,0.6338520894447963,0.3130768537521362,0,1701261111963
1701261113481,nan,nan,2,1701261111963
1701261113538,nan,nan,2,1701261111963
1701261113592,0.6435258239507675,0.3280450701713562,0,1701261111963
1701261113647,nan,nan,2,1701261111963
1701261113700,0.6509603361288707,0.3230654001235962,0,1701261111963
1701261113752,nan,nan,2,1701261111963
1701261113804,0.6681446532408397,0.3199914693832397,0,1701261113804
1701261113859,0.6719185958305995,0.3456452488899231,0,1701261113804
1701261113917,nan,nan,2,1701261113804
1701261113981,nan,nan,2,1701261113804
1701261114037,0.6133785645167034,0.23762047290802,0,1701261113804
1701261114094,0.6994388550519943,0.3754276633262634,0,1701261113804
1701261114152,nan,nan,2,1701261113804
1701261114209,0.619204546014468,0.2291038036346435,0,1701261113804
1701261114267,0.6750336835781734,0.4375185370445251,0,1701261113804
1701261114324,nan,nan,2,1701261113804
1701261114378,0.640383169054985,0.4849112629890442,0,1701261113804
1701261114437,0.6316453764835994,0.4701185822486877,0,1701261113804
1701261114506,0.6274482657512029,0.4582688212394714,0,1701261113804
1701261114563,nan,nan,2,1701261113804
1701261114613,nan,nan,2,1701261113804
1701261114665,0.2948207585917164,0.231991171836853,0,1701261113804
1701261114715,0.2031907911101977,0.3214051723480224,0,1701261113804
1701261114767,nan,nan,2,1701261113804
1701261114817,nan,nan,2,1701261113804
1701261114867,nan,nan,2,1701261113804
1701261114921,nan,nan,2,1701261113804
1701261114979,nan,nan,2,1701261113804
1701261115039,nan,nan,2,1701261113804
1701261115100,0.5703533291816711,0.8435495346784592,1,1701261113804
1701261115159,0.5934909582138062,0.8564654141664505,1,1701261113804
1701261115218,0.5628069639205933,0.8588672131299973,1,1701261113804
1701261115276,nan,nan,2,1701261113804
1701261115335,0.6053680777549744,0.8403289318084717,1,1701261113804
1701261115395,0.5645714998245239,0.8506619930267334,1,1701261113804
1701261115453,0.601418673992157,0.8316506296396255,1,1701261113804
1701261115510,0.6010040044784546,0.8191392123699189,1,1701261113804
1701261115573,0.5969377756118774,0.8472402691841125,1,1701261115573
1701261115632,nan,nan,2,1701261115573
1701261115692,nan,nan,2,1701261115573
1701261115751,0.5723625421524048,0.8258721232414246,1,1701261115573
1701261115807,nan,nan,2,1701261115573
1701261115864,0.5597951412200928,0.8366398513317109,1,1701261115573
1701261115924,nan,nan,2,1701261115573
1701261115982,nan,nan,2,1701261115573
1701261116040,nan,nan,2,1701261115573
1701261116093,nan,nan,2,1701261115573
1701261116151,nan,nan,2,1701261115573
1701261116208,nan,nan,2,1701261115573
1701261116264,nan,nan,2,1701261115573
1701261116319,nan,nan,2,1701261115573
1701261116373,nan,nan,2,1701261115573
1701261116428,nan,nan,2,1701261115573
1701261116485,0.5152270793914795,0.7490666806697845,1,1701261115573
1701261116556,nan,nan,2,1701261115573
1701261116617,nan,nan,2,1701261115573
1701261116672,0.0840152514477571,0.8174170553684235,0,1701261115573
1701261116727,0.1045764262477556,0.5546567142009735,0,1701261115573
1701261116789,nan,nan,2,1701261115573
1701261116844,0.1575752993424733,0.8934360593557358,0,1701261115573
1701261116898,0.3082215494165817,0.7546499371528625,0,1701261115573
1701261116957,0.2892385646700859,0.7788808196783066,0,1701261115573
1701261117011,0.2543289288878441,0.8171794712543488,0,1701261115573
1701261117070,0.2559742679198583,0.7308298349380493,0,1701261115573
1701261117127,nan,nan,2,1701261115573
1701261117182,0.1821341961622238,0.7141796946525574,0,1701261115573
1701261117235,0.1780335480968157,0.7250227332115173,0,1701261115573
1701261117292,0.1750734224915504,0.7068946659564972,0,1701261115573
1701261117351,0.1639391034841537,0.6976432204246521,0,1701261115573
1701261117404,0.1640472362438838,0.5684372782707214,0,1701261115573
1701261117463,0.2033700098594029,0.8500011265277863,0,1701261115573
1701261117522,0.2032241001725196,0.8427564203739167,0,1701261115573
1701261117576,0.1205996411542097,0.7949519157409668,0,1701261115573
1701261117634,0.1220404058694839,0.8003214001655579,0,1701261115573
1701261117688,0.2397445663809776,0.6744707822799683,0,1701261115573
1701261117740,0.1247531299789746,0.7104004323482513,0,1701261117740
1701261117797,0.0776028744876384,0.568363219499588,0,1701261117740
1701261117853,0.1117965131998062,0.6920957565307617,0,1701261117740
1701261117906,0.1058313312629858,0.6886714398860931,0,1701261117740
1701261117962,nan,nan,2,1701261117740
1701261118021,0.0250608709951241,0.3974778652191162,0,1701261117740
1701261118074,nan,nan,2,1701261117740
1701261118128,0.1686490848660469,0.536967009305954,0,1701261117740
1701261118182,0.0170066514983773,0.4074893593788147,0,1701261117740
1701261118238,nan,nan,2,1701261117740
1701261118292,0.06071745728453,0.3079615235328674,0,1701261117740
1701261118347,0.032567459779481,0.386832058429718,0,1701261117740
1701261118401,nan,nan,2,1701261117740
1701261118460,0.0318185860912005,0.4028478860855102,0,1701261117740
1701261118514,0.0462325612703959,0.3705669641494751,0,1701261117740
1701261118574,0.0374993458390235,0.3669449090957641,0,1701261117740
1701261118628,0.0512274820357561,0.3693373799324035,0,1701261117740
1701261118678,0.0649468824267387,0.3734488487243652,0,1701261117740
1701261118733,nan,nan,2,1701261117740
1701261118789,0.1486249839266141,0.5912707448005676,0,1701261117740
1701261118849,0.0832124091684818,0.4367477893829345,0,1701261117740
1701261118909,0.2163915236790975,0.4757957458496094,0,1701261117740
1701261118970,0.2435294563571612,0.3998147845268249,0,1701261117740
1701261119034,nan,nan,2,1701261117740
1701261119087,0.2019762446482976,0.7043577432632446,0,1701261117740
1701261119136,nan,nan,2,1701261117740
1701261119184,nan,nan,2,1701261117740
1701261119228,nan,nan,2,1701261117740
1701261119273,0.5375683854023616,0.4118233323097229,0,1701261117740
1701261119326,0.5044307857751846,0.8050767630338669,0,1701261117740
1701261119374,0.8248114126423995,0.6609412431716919,0,1701261117740
1701261119425,0.6659432053565979,0.5709439814090729,0,1701261117740
1701261119484,0.6987682282924652,0.4459492564201355,0,1701261117740
1701261119541,0.6992170015970867,0.3786982893943786,0,1701261117740
1701261119598,0.6975537339846294,0.3755197525024414,0,1701261117740
1701261119649,0.6370319724082947,0.2933575510978699,0,1701261117740
1701261119697,0.6354480534791946,0.2632369995117187,0,1701261117740
1701261119747,0.6347344865401586,0.2663911581039428,0,1701261117740
1701261119798,0.6353719085454941,0.2716388702392578,0,1701261117740
1701261119850,0.6361622909704845,0.2725961804389953,0,1701261117740
1701261119901,0.6064691692590714,0.2604403495788574,0,1701261117740
1701261119954,0.5803293784459432,0.2512211799621582,0,1701261117740
1701261120003,0.5596290826797485,0.2377209067344665,0,1701261117740
1701261120053,0.5520682086547216,0.2431516051292419,0,1701261117740
1701261120103,0.5508837401866913,0.2456142902374267,0,1701261117740
1701261120153,0.5540683666865032,0.2500800490379333,0,1701261117740
1701261120203,0.5586265325546265,0.244507610797882,0,1701261117740
1701261120254,0.577727163831393,0.244204044342041,0,1701261117740
1701261120304,0.5845500578482946,0.2330225110054016,0,1701261117740
1701261120354,0.5803482532501221,0.2420125603675842,0,1701261117740
1701261120402,0.581797738869985,0.242745816707611,0,1701261117740
1701261120451,0.5834975143273672,0.2470054626464843,0,1701261117740
1701261120504,0.5824542343616486,0.249150276184082,0,1701261117740
1701261120557,0.5946968793869019,0.2708577513694763,0,1701261117740
1701261120610,0.6205674310525259,0.2813882231712341,0,1701261117740
1701261120662,0.5589386373758316,0.2436874508857727,0,1701261117740
1701261120714,0.6204109688599905,0.2916718125343323,0,1701261117740
1701261120763,0.6238695780436199,0.2981866598129272,0,1701261117740
1701261120814,0.623898188273112,0.2953282594680786,0,1701261117740
1701261120866,0.6236045360565186,0.2937927842140198,0,1701261117740
1701261120922,0.6045999427636465,0.2316400408744812,0,1701261117740
1701261120975,0.6219632973273596,0.285590648651123,0,1701261117740
1701261121030,0.5630111495653789,0.2471283674240112,0,1701261117740
1701261121082,0.6251043876012167,0.3448651432991028,0,1701261117740
1701261121136,0.6234574367602667,0.3608422875404358,0,1701261117740
1701261121187,0.6251357545455297,0.3604673147201538,0,1701261117740
1701261121238,0.6266176998615265,0.3623232841491699,0,1701261117740
1701261121288,0.6279465854167938,0.3771092891693115,0,1701261121288
1701261121338,0.5640874604384105,0.2363309860229492,0,1701261121288
1701261121389,0.5843948125839233,0.368562638759613,0,1701261121288
1701261121440,0.5913480172554653,0.3189509510993957,0,1701261121288
1701261121493,0.5918971002101898,0.3148069381713867,0,1701261121288
1701261121543,0.592649261156718,0.2968042492866516,0,1701261121288
1701261121596,0.5833680977423986,0.2866971492767334,0,1701261121288
1701261121651,nan,nan,2,1701261121288
1701261121712,0.536968340476354,0.1989391446113586,0,1701261121288
1701261121771,0.4865197762846946,0.1915802359580993,0,1701261121288
1701261121822,nan,nan,2,1701261121288
1701261121865,nan,nan,2,1701261121288
1701261121908,nan,nan,2,1701261121288
1701261121953,0.0768415294587612,0.5345770120620728,0,1701261121288
1701261122003,nan,nan,2,1701261121288
1701261122056,0.6074128746986389,0.6859030723571777,1,1701261121288
1701261122112,0.6111853122711182,0.7503588646650314,1,1701261121288
1701261122169,nan,nan,2,1701261121288
1701261122222,0.582827627658844,0.8506259024143219,1,1701261121288
1701261122280,0.543724000453949,0.8647352010011673,1,1701261121288
1701261122335,nan,nan,2,1701261121288
1701261122387,0.526939332485199,0.8325276523828506,1,1701261121288
1701261122443,nan,nan,2,1701261121288
1701261122497,0.4966723024845123,0.854399174451828,1,1701261121288
1701261122553,nan,nan,2,1701261121288
1701261122609,nan,nan,2,1701261121288
1701261122662,nan,nan,2,1701261122662
1701261122716,0.5353763699531555,0.8029065579175949,1,1701261122662
1701261122769,nan,nan,2,1701261122662
1701261122824,0.4252311289310455,0.8464616239070892,1,1701261122662
1701261122878,0.4909145534038543,0.8580607324838639,1,1701261122662
1701261122932,0.3249845504760742,0.9585159048438072,1,1701261122662
1701261122986,nan,nan,2,1701261122662
1701261123039,nan,nan,2,1701261122662
1701261123096,nan,nan,2,1701261122662
1701261123155,nan,nan,2,1701261122662
1701261123208,nan,nan,2,1701261122662
1701261123260,0.1937881956497828,0.5791301429271698,0,1701261122662
1701261123311,0.2015220001339912,0.4527017474174499,0,1701261122662
1701261123362,0.2478292112549146,0.4163656830787658,0,1701261122662
1701261123415,0.2202524368961652,0.4611851572990417,0,1701261122662
1701261123470,0.1930694952607154,0.4923780560493469,0,1701261122662
1701261123525,0.176163320740064,0.5027066469192505,0,1701261122662
1701261123580,0.0728381443768739,0.4292504787445068,0,1701261122662
1701261123640,nan,nan,2,1701261122662
1701261123691,0.5229744911193848,0.6387751698493958,1,1701261122662
1701261123743,0.6436700224876404,0.7637959569692612,1,1701261122662
1701261123798,0.6113962531089783,0.7948116213083268,1,1701261122662
1701261123854,0.4794462025165558,0.7449992895126343,1,1701261122662
1701261123905,nan,nan,2,1701261122662
1701261123962,0.4664373695850372,0.7601506114006042,1,1701261122662
1701261124016,0.4705151319503784,0.7966988980770111,1,1701261124016
1701261124074,0.4382880330085754,0.8001290708780289,1,1701261124016
1701261124135,nan,nan,2,1701261124016
1701261124192,0.6285737156867981,0.7591889500617981,1,1701261124016
1701261124249,0.4497627913951874,0.8784995675086976,1,1701261124016
1701261124305,nan,nan,2,1701261124016
1701261124353,nan,nan,2,1701261124016
1701261124394,nan,nan,2,1701261124016
1701261124434,nan,nan,2,1701261124016
1701261124477,nan,nan,2,1701261124016
1701261124522,0.5595763325691223,0.1570615768432617,0,1701261124016
1701261124572,0.5949270774920782,0.0530998706817628,0,1701261124016
1701261124620,0.5232693056265514,0.1202858090400695,0,1701261124016
1701261124670,0.6049773395061493,0.2459969520568847,0,1701261124016
1701261124720,0.5301696360111237,0.1485136151313781,0,1701261124016
1701261124770,0.535664513707161,0.1407387852668762,0,1701261124016
1701261124819,0.5907880812883377,0.1377235651016235,0,1701261124016
1701261124871,0.6413856695095699,0.2147126793861389,0,1701261124016
1701261124924,0.5612269838651022,0.2304214239120483,0,1701261124016
1701261124976,0.5625161329905193,0.2402235865592956,0,1701261124016
1701261125026,0.5613697369893392,0.2333618402481079,0,1701261124016
1701261125075,0.561044916510582,0.2319658398628235,0,1701261124016
1701261125124,0.556624636054039,0.22770756483078,0,1701261124016
1701261125172,0.5550621499617895,0.2303482890129089,0,1701261124016
1701261125224,0.555187816421191,0.2281304001808166,0,1701261124016
1701261125272,0.5605269521474838,0.2404249310493469,0,1701261124016
1701261125323,0.55718265970548,0.2394464015960693,0,1701261124016
1701261125371,0.5545200953880947,0.2398693561553955,0,1701261124016
1701261125421,0.5530042996009191,0.2438594102859497,0,1701261124016
1701261125468,0.5526921451091766,0.2557138204574585,0,1701261124016
1701261125519,0.548237219452858,0.252381682395935,0,1701261124016
1701261125569,0.5541726748148601,0.2615693807601928,0,1701261124016
1701261125620,0.5566040476163229,0.2597664594650268,0,1701261124016
1701261125668,0.5583086907863617,0.2665207982063293,0,1701261124016
1701261125719,0.618465746442477,0.233954906463623,0,1701261124016
1701261125767,0.6192228744427364,0.2174393534660339,0,1701261124016
1701261125814,0.6184547692537308,0.2341153621673584,0,1701261124016
1701261125864,0.6258115718762081,0.2424399256706237,0,1701261124016
1701261125916,0.6367356131474178,0.2218003869056701,0,1701261124016
1701261125964,0.5656625628471375,0.2225058078765869,0,1701261124016
1701261126013,0.56367360552152,0.2379198670387268,0,1701261126013
1701261126064,0.5722881406545639,0.2033313512802124,0,1701261126013
1701261126113,0.5835140546162924,0.2053948044776916,0,1701261126013
1701261126163,0.5825096915165584,0.1901559233665466,0,1701261126013
1701261126215,0.5778029610713323,0.1734653711318969,0,1701261126013
1701261126268,0.5683886557817459,0.1650656461715698,0,1701261126013
1701261126322,0.5915653010209402,0.1774779558181762,0,1701261126013
1701261126379,0.5886233150959015,0.1941559314727783,0,1701261126013
1701261126430,0.5839221974213918,0.1991207599639892,0,1701261126013
1701261126480,0.5767541925112407,0.1833534836769104,0,1701261126013
1701261126530,0.5590206434329351,0.1454480290412902,0,1701261126013
1701261126581,0.5479604303836823,0.1196874380111694,0,1701261126013
1701261126635,0.5440815091133118,0.1489392518997192,0,1701261126013
1701261126688,0.5487274676561356,0.167299747467041,0,1701261126013
1701261126743,0.5446425378322601,0.1737982034683227,0,1701261126013
1701261126795,0.5476245830456417,0.176457405090332,0,1701261126013
1701261126844,0.553443859020869,0.1762289404869079,0,1701261126013
1701261126896,0.5433618823687236,0.185144305229187,0,1701261126013
1701261126953,0.5437060743570328,0.1680303215980529,0,1701261126013
1701261127006,0.5440117965141933,0.159949779510498,0,1701261126013
1701261127057,0.541223814090093,0.1722790598869323,0,1701261126013
1701261127110,0.5288970520099004,0.1941227912902832,0,1701261126013
1701261127163,0.5295799473921459,0.1956958770751953,0,1701261126013
1701261127222,0.5281582524379095,0.1568506956100464,0,1701261126013
1701261127282,nan,nan,2,1701261126013
1701261127333,nan,nan,2,1701261126013
1701261127377,nan,nan,2,1701261126013
1701261127422,nan,nan,2,1701261126013
1701261127471,nan,nan,2,1701261126013
1701261127526,0.7671613693237305,0.810815304517746,1,1701261126013
1701261127587,0.2776112159093221,0.1273427605628967,0,1701261126013
1701261127647,nan,nan,2,1701261126013
1701261127702,nan,nan,2,1701261126013
1701261127761,nan,nan,2,1701261127761
1701261127823,nan,nan,2,1701261127761
1701261127877,0.5334882736206055,0.8420038670301437,1,1701261127761
1701261127934,0.4299854338169098,0.9827322773635389,1,1701261127761
1701261127993,0.4203399121761322,0.967539582401514,1,1701261127761
1701261128050,0.4691310226917267,0.958740394562483,1,1701261127761
1701261128109,0.4622380435466766,0.9008712247014046,1,1701261127761
1701261128168,nan,nan,2,1701261127761
1701261128223,0.9966014623641968,0.583915114402771,1,1701261127761
1701261128282,0.2135109454393386,0.7830264419317245,1,1701261127761
1701261128341,nan,nan,2,1701261127761
1701261128402,nan,nan,2,1701261127761
1701261128456,0.960305392742157,0.1636593341827392,1,1701261127761
1701261128508,nan,nan,2,1701261127761
1701261128561,nan,nan,2,1701261127761
1701261128617,0.1696050688624382,0.0195478200912475,0,1701261127761
1701261128675,0.154734989007314,0.0849065780639648,0,1701261127761
1701261128731,0.1460747892657916,0.1095670461654663,0,1701261127761
1701261128784,0.1825635805726051,0.0664600133895874,0,1701261127761
1701261128836,0.1850719650586446,0.0800506472587584,0,1701261127761
1701261128888,0.1621221775809924,0.1214602589607238,0,1701261127761
1701261128941,0.0452014928062756,0.1666485071182251,0,1701261127761
1701261128990,0.7239184379577637,0.917805291712284,1,1701261127761
1701261129040,nan,nan,2,1701261127761
1701261129090,nan,nan,2,1701261127761
1701261129137,0.6189889907836914,0.9006624519824982,1,1701261127761
1701261129193,0.5089690685272217,0.9283107817173004,1,1701261127761
1701261129244,0.5140500664710999,0.940249428153038,1,1701261127761
1701261129296,nan,nan,2,1701261127761
1701261129346,nan,nan,2,1701261127761
1701261129396,0.5036965608596802,0.9050638675689698,1,1701261127761
1701261129449,nan,nan,2,1701261127761
1701261129502,0.506999671459198,0.8606145381927491,1,1701261127761
1701261129556,0.5241188406944275,0.8704310804605484,1,1701261127761
1701261129609,nan,nan,2,1701261127761
1701261129662,nan,nan,2,1701261129662
1701261129717,nan,nan,2,1701261129662
1701261129773,0.525134801864624,0.8789731562137604,1,1701261129662
1701261129827,0.6051429510116577,0.6068747043609619,1,1701261129662
1701261129884,0.3307275474071502,0.4894405007362366,1,1701261129662
1701261129939,nan,nan,2,1701261129662
1701261129983,nan,nan,2,1701261129662
1701261130026,nan,nan,2,1701261129662
1701261130069,nan,nan,2,1701261129662
1701261130116,nan,nan,2,1701261129662
1701261130163,nan,nan,2,1701261129662
1701261130213,0.3009883519262075,0.9963744764681906,0,1701261129662
1701261130264,0.5271738072236379,0.489530861377716,0,1701261129662
1701261130313,nan,nan,2,1701261129662
1701261130363,0.5618975857893627,0.3896716833114624,0,1701261129662
1701261130418,0.5646830598513286,0.4424479603767395,0,1701261129662
1701261130474,0.5426348298788071,0.4190530180931091,0,1701261129662
1701261130530,0.534691666563352,0.4171190857887268,0,1701261129662
1701261130584,0.5323460747798284,0.4151844382286072,0,1701261129662
1701261130639,0.5250574449698131,0.4182727932929992,0,1701261129662
1701261130694,0.5209463387727737,0.4283006191253662,0,1701261129662
1701261130746,0.5112800300121307,0.4296186566352844,0,1701261129662
1701261130801,0.5074053059021633,0.4371233582496643,0,1701261129662
1701261130855,0.501462996006012,0.4792055487632751,0,1701261129662
1701261130909,0.4999889607230822,0.4742999672889709,0,1701261129662
1701261130962,0.5019677976767223,0.4689350128173828,0,1701261129662
1701261131016,0.5060706833998363,0.4617363810539245,0,1701261129662
1701261131069,0.5093322743972143,0.4390844106674194,0,1701261129662
1701261131120,0.5219473987817764,0.4191833138465881,0,1701261129662
1701261131172,0.5262911121050518,0.4233497381210327,0,1701261129662
1701261131226,0.5265020877122879,0.4330229163169861,0,1701261129662
1701261131277,0.5184687227010727,0.4437505006790161,0,1701261129662
1701261131328,0.5182213385899862,0.4420644640922546,0,1701261129662
1701261131376,0.5199777632951736,0.458264410495758,0,1701261129662
1701261131426,0.5190580636262894,0.4657058119773865,0,1701261129662
1701261131479,0.5200920800367992,0.4540648460388183,0,1701261129662
1701261131532,0.5180329630772273,0.4851582646369934,0,1701261129662
1701261131585,0.5094942251841228,0.4997037649154663,0,1701261129662
1701261131637,0.5016414374113083,0.5046823620796204,0,1701261129662
1701261131687,0.501616304119428,0.4999973773956299,0,1701261129662
1701261131735,0.5023990621169409,0.4910550713539123,0,1701261129662
1701261131787,0.5004138797521591,0.4867137670516968,0,1701261129662
1701261131837,0.5016814718643825,0.48955237865448,0,1701261129662
1701261131890,0.499009221792221,0.4862047433853149,0,1701261129662
1701261131939,0.4959976101915042,0.4901801943778991,0,1701261129662
1701261131990,0.4987310171127319,0.4611458778381347,0,1701261129662
1701261132039,0.5136483460664749,0.4309180378913879,0,1701261129662
1701261132088,0.5258726129929225,0.4215038418769836,0,1701261129662
1701261132138,0.5239030768473943,0.4069684743881225,0,1701261129662
1701261132190,0.5189231584469478,0.397752046585083,0,1701261129662
1701261132239,0.5215097020069759,0.4039705991744995,0,1701261129662
1701261132285,0.5235278407732646,0.4004901051521301,0,1701261129662
1701261132334,0.5244746853907903,0.3964908123016357,0,1701261129662
1701261132384,0.5354530662298203,0.3941530585289001,0,1701261129662
1701261132435,0.5449309994777044,0.4558762311935425,0,1701261129662
1701261132487,0.5248393416404724,0.4587227702140808,0,1701261129662
1701261132537,0.5189643849929174,0.4423115849494934,0,1701261129662
1701261132584,0.5123772025108337,0.4381743669509887,0,1701261132584
1701261132635,0.5100722660621008,0.4495063424110412,0,1701261132584
1701261132686,0.511386846502622,0.4336097240447998,0,1701261132584
1701261132737,0.5072910388310751,0.4382266998291015,0,1701261132584
1701261132787,0.49630156904459,0.4397793412208557,0,1701261132584
1701261132840,0.4767033383250236,0.4577700495719909,0,1701261132584
1701261132889,0.4804824590682983,0.476515531539917,0,1701261132584
1701261132944,0.4919661010305087,0.4477958679199219,0,1701261132584
1701261133001,0.4268094326059023,0.3591123223304748,0,1701261132584
1701261133056,nan,nan,2,1701261132584
1701261133103,nan,nan,2,1701261132584
1701261133147,nan,nan,2,1701261132584
1701261133190,0.1868405441443125,0.2075953483581543,0,1701261132584
1701261133240,0.2837440992395083,0.2164145112037658,0,1701261132584
1701261133299,0.2794816518823306,0.2349870800971985,0,1701261132584
1701261133356,0.4195095002651214,0.7323538661003113,1,1701261132584
1701261133412,0.0742169457177321,0.3209158778190613,0,1701261132584
1701261133468,0.2345321501294772,0.2400815486907959,0,1701261132584
1701261133524,0.2086041917403539,0.2582963705062866,0,1701261132584
1701261133578,0.2087570900718371,0.2968683242797851,0,1701261132584
1701261133636,0.4966692626476288,0.8205350041389465,1,1701261132584
1701261133695,0.5058613419532776,0.7964611202478409,1,1701261132584
1701261133748,0.1918512458602587,0.3229705095291137,0,1701261132584
1701261133805,0.1934228911995887,0.3211833834648132,0,1701261132584
1701261133862,0.2002956146995226,0.3100042343139648,0,1701261132584
1701261133922,0.5118123888969421,0.7980884015560151,1,1701261132584
1701261133980,0.5032222270965576,0.8148447871208191,1,1701261132584
1701261134036,0.0422913394868373,0.3989880084991455,0,1701261134036
1701261134094,0.4996251463890075,0.8645728975534439,1,1701261134036
1701261134149,0.4965541064739227,0.8640920668840408,1,1701261134036
1701261134204,0.1814367572466532,0.253981351852417,0,1701261134036
1701261134261,0.1429989164074261,0.3082083463668823,0,1701261134036
1701261134318,0.2083117216825485,0.7266019880771637,1,1701261134036
1701261134371,0.1418370107809702,0.306117832660675,0,1701261134036
1701261134424,0.1527797331412633,0.2722606658935547,0,1701261134036
1701261134476,0.417474091053009,0.7068489491939545,1,1701261134036
1701261134528,nan,nan,2,1701261134036
1701261134583,0.1388513296842575,0.0803600549697876,0,1701261134036
1701261134635,nan,nan,2,1701261134036
1701261134690,nan,nan,2,1701261134036
1701261134742,nan,nan,2,1701261134036
1701261134792,0.0978336880604426,0.0099269151687622,0,1701261134036
1701261134842,0.09943554798762,0.0316840410232543,0,1701261134036
1701261134892,0.0776634166638056,0.0628005862236024,0,1701261134036
1701261134945,0.0751861507693926,0.0644052028656005,0,1701261134036
1701261134998,nan,nan,2,1701261134036
1701261135049,nan,nan,2,1701261134036
1701261135099,nan,nan,2,1701261134036
1701261135150,nan,nan,2,1701261134036
1701261135200,nan,nan,2,1701261134036
1701261135250,0.4838436543941498,0.9007427021861076,1,1701261134036
1701261135303,0.4835864901542663,0.9224230349063874,1,1701261134036
1701261135359,0.4899180233478546,0.9602204374969006,1,1701261134036
1701261135416,0.6035770177841187,0.9264083132147788,1,1701261134036
1701261135471,nan,nan,2,1701261134036
1701261135522,nan,nan,2,1701261135522
1701261135568,0.0235432855164011,0.2403229475021362,0,1701261135522
1701261135614,0.1118317432701587,0.0858304500579834,0,1701261135522
1701261135663,nan,nan,2,1701261135522
1701261135710,nan,nan,2,1701261135522
1701261135759,nan,nan,2,1701261135522
1701261135807,nan,nan,2,1701261135522
1701261135854,nan,nan,2,1701261135522
1701261135899,0.5289196024338405,0.291104793548584,0,1701261135522
1701261135946,nan,nan,2,1701261135522
1701261135996,nan,nan,2,1701261135522
1701261136048,0.7468838877975941,0.3057045340538025,0,1701261135522
1701261136100,0.5114347785711288,0.5850547850131989,0,1701261135522
1701261136156,nan,nan,2,1701261135522
1701261136210,0.5023085375626882,0.597479909658432,0,1701261135522
1701261136269,0.4830656498670578,0.5988788306713104,0,1701261135522
1701261136321,0.4716157838702202,0.5898913741111755,0,1701261135522
1701261136378,nan,nan,2,1701261135522
1701261136433,0.8004822979370754,0.2869302630424499,0,1701261135522
1701261136485,0.5938986986875534,0.4286839365959167,0,1701261135522
1701261136539,0.8005001693964005,0.1991626620292663,0,1701261135522
1701261136592,nan,nan,2,1701261135522
1701261136646,nan,nan,2,1701261135522
1701261136700,0.5038603196541469,0.4763297438621521,0,1701261135522
1701261136751,0.5056095669666927,0.4910592436790466,0,1701261135522
1701261136804,0.5078126043081284,0.4915875196456909,0,1701261136804
1701261136857,0.3581230454146862,0.6825916469097137,0,1701261136804
1701261136911,nan,nan,2,1701261136804
1701261136970,nan,nan,2,1701261136804
1701261137022,nan,nan,2,1701261136804
1701261137071,0.1581798692544301,0.3085517287254333,0,1701261136804
1701261137124,0.0332888113334775,0.3898197412490845,0,1701261136804
1701261137175,0.0444688803205887,0.3104098439216614,0,1701261136804
1701261137224,0.0159308011643588,0.3459590673446655,0,1701261136804
1701261137275,nan,nan,2,1701261136804
1701261137330,nan,nan,2,1701261136804
1701261137381,nan,nan,2,1701261136804
1701261137435,nan,nan,2,1701261136804
1701261137488,nan,nan,2,1701261136804
1701261137540,nan,nan,2,1701261136804
1701261137592,nan,nan,2,1701261136804
1701261137647,nan,nan,2,1701261136804
1701261137702,nan,nan,2,1701261136804
1701261137753,nan,nan,2,1701261136804
1701261137806,nan,nan,2,1701261136804
1701261137856,nan,nan,2,1701261136804
1701261137908,nan,nan,2,1701261136804
1701261137963,nan,nan,2,1701261136804
1701261138019,nan,nan,2,1701261136804
1701261138082,nan,nan,2,1701261136804
1701261138143,nan,nan,2,1701261136804
1701261138197,nan,nan,2,1701261136804
1701261138245,nan,nan,2,1701261136804
1701261138298,0.00626303977333,0.4126914143562317,0,1701261138298
1701261138353,nan,nan,2,1701261138298
1701261138410,0.0066985044783601,0.6327139437198639,0,1701261138298
1701261138465,nan,nan,2,1701261138298
1701261138527,nan,nan,2,1701261138298
1701261138586,nan,nan,2,1701261138298
1701261138649,nan,nan,2,1701261138298
1701261138706,nan,nan,2,1701261138298
1701261138758,nan,nan,2,1701261138298
1701261138815,nan,nan,2,1701261138298
1701261138870,nan,nan,2,1701261138298
1701261138929,nan,nan,2,1701261138298
1701261138985,nan,nan,2,1701261138298
1701261139039,0.0058051890227943,0.1149336695671081,0,1701261138298
1701261139088,0.0031462661766757,0.1088218092918396,0,1701261138298
1701261139138,0.0037377924115086,0.1103309392929077,0,1701261138298
1701261139187,0.0032894921023398,0.1056694388389587,0,1701261138298
1701261139237,0.009607509865115,0.1113771200180053,0,1701261138298
1701261139287,0.0074396322015672,0.1213030219078064,0,1701261138298
1701261139335,0.0109480670653283,0.1427390575408935,0,1701261138298
1701261139382,0.010778790184607,0.1401309370994568,0,1701261138298
1701261139430,0.0109159097385902,0.1242114901542663,0,1701261138298
1701261139481,0.0147335502939919,0.1173339486122131,0,1701261138298
1701261139528,0.0195681049178043,0.1255885958671569,0,1701261138298
1701261139578,0.0218803553531567,0.125117540359497,0,1701261138298
1701261139627,0.0182801603029171,0.1342649459838867,0,1701261138298
1701261139675,0.0197209945569435,0.1384917497634887,0,1701261138298
1701261139724,0.0210400338595112,0.13895183801651,0,1701261139724
1701261139773,0.0169655649612347,0.1327974200248718,0,1701261139724
1701261139820,0.0159324733540415,0.136320948600769,0,1701261139724
1701261139868,0.0123053820182879,0.13633793592453,0,1701261139724
1701261139916,0.0069975395842144,0.1480374932289123,0,1701261139724
1701261139966,0.0019096452354763,0.1321416497230529,0,1701261139724
1701261140016,0.015811644339313,0.1338122487068176,0,1701261139724
1701261140063,0.0181841446707645,0.1528301835060119,0,1701261139724
1701261140114,0.0223073819652199,0.1291695833206176,0,1701261139724
1701261140165,0.0226473786557713,0.144816517829895,0,1701261139724
1701261140215,0.0250317494695385,0.0739943385124207,0,1701261139724
1701261140271,0.0450570999334255,0.2179610133171081,0,1701261139724
1701261140324,0.0947800762951373,0.4676222801208496,0,1701261139724
1701261140379,nan,nan,2,1701261139724
1701261140426,nan,nan,2,1701261139724
1701261140479,0.4494411423802376,0.071296215057373,0,1701261139724
1701261140530,0.4722305685281753,0.3429929614067077,0,1701261139724
1701261140585,0.4517857159177462,0.4598642587661743,0,1701261139724
1701261140638,0.5498103350400925,0.2804823517799377,0,1701261139724
1701261140693,0.4371773252884546,0.5788393020629883,0,1701261139724
1701261140753,0.554667741060257,0.3196038007736206,0,1701261139724
1701261140811,0.4584171921014786,0.5537568628787994,0,1701261139724
1701261140866,0.4566042174895605,0.3198086619377136,0,1701261139724
1701261140919,0.5366686036189398,0.3502039909362793,0,1701261139724
1701261140977,0.4738880371054014,0.6027078330516815,0,1701261139724
1701261141034,0.4932163581252098,0.3685809969902038,0,1701261139724
1701261141087,0.5305350621541342,0.3661401271820068,0,1701261139724
1701261141145,0.4444076170523962,0.6419444382190704,0,1701261139724
1701261141204,0.463924822707971,0.3063412308692932,0,1701261139724
1701261141256,0.4901280303796133,0.3675713539123535,0,1701261139724
1701261141313,0.4228182062506675,0.6412140130996704,0,1701261139724
1701261141371,0.4690836171309153,0.6708641052246094,0,1701261139724
1701261141430,0.4978475148479144,0.4092399477958679,0,1701261139724
1701261141490,0.502020945151647,0.4243794083595276,0,1701261139724
1701261141547,0.4924360836545626,0.4056000709533691,0,1701261139724
1701261141600,0.4915889402230581,0.4301792979240417,0,1701261139724
1701261141656,0.4948015933235486,0.4528172612190246,0,1701261139724
1701261141716,0.4803634732961654,0.5672399699687958,0,1701261139724
1701261141773,0.4946969250837961,0.4393935203552246,0,1701261139724
1701261141831,0.5051406522591909,0.8866393938660622,0,1701261139724
1701261141886,0.497598206003507,0.4349685907363891,0,1701261139724
1701261141941,0.5074563175439835,0.9026433750987052,0,1701261139724
1701261141994,0.498364398876826,0.4177135229110718,0,1701261141994
1701261142047,0.4939238900939623,0.9052086994051934,0,1701261141994
1701261142108,0.4928952008485794,0.8756238669157029,0,1701261141994
1701261142165,0.5027661273876827,0.5118764638900757,0,1701261141994
1701261142224,0.5468597064415615,0.6751797497272491,0,1701261141994
1701261142283,0.4623971184094747,0.8837835192680359,0,1701261141994
1701261142340,0.5093398739894232,0.4256607294082641,0,1701261141994
1701261142396,nan,nan,2,1701261141994
1701261142460,0.5232003629207611,0.666353166103363,0,1701261141994
1701261142522,0.4787743762135505,0.6718428730964661,0,1701261141994
1701261142583,0.5245216985543569,0.6386387944221497,0,1701261141994
1701261142639,0.3137217899784446,0.627815455198288,0,1701261141994
1701261142690,0.3184795212000608,0.1161167621612548,0,1701261141994
1701261142738,nan,nan,2,1701261141994
1701261142779,nan,nan,2,1701261141994
1701261142820,nan,nan,2,1701261141994
1701261142863,nan,nan,2,1701261141994
1701261142912,nan,nan,2,1701261141994
1701261142965,0.4135101437568664,0.9569197744131088,1,1701261141994
1701261143018,nan,nan,2,1701261141994
1701261143072,nan,nan,2,1701261141994
1701261143124,nan,nan,2,1701261141994
1701261143177,0.4653799831867218,0.9128240868449212,1,1701261141994
1701261143229,nan,nan,2,1701261141994
1701261143282,nan,nan,2,1701261141994
1701261143336,nan,nan,2,1701261141994
1701261143386,0.4849052429199219,0.8729604482650757,1,1701261141994
1701261143437,0.6150288581848145,0.0406172871589659,1,1701261141994
1701261143490,nan,nan,2,1701261141994
1701261143542,nan,nan,2,1701261141994
1701261143595,nan,nan,2,1701261141994
1701261143648,nan,nan,2,1701261141994
1701261143700,0.4893002510070801,0.8497419059276581,1,1701261141994
1701261143751,0.491333931684494,0.8626077771186829,1,1701261143751
1701261143801,nan,nan,2,1701261143751
1701261143851,0.4782233834266662,0.8628300428390503,1,1701261143751
1701261143903,0.4753901660442352,0.856180027127266,1,1701261143751
1701261143959,0.2014853209257125,0.8458927273750306,1,1701261143751
1701261144013,nan,nan,2,1701261143751
1701261144074,0.0944674126803874,0.3564644455909729,0,1701261143751
1701261144133,0.1055403985083103,0.400138258934021,0,1701261143751
1701261144189,nan,nan,2,1701261143751
1701261144243,0.1169790625572204,0.3823900818824768,0,1701261143751
1701261144298,0.0245243925601243,0.4398070573806762,0,1701261143751
1701261144356,0.1108620688319206,0.4442430734634399,0,1701261143751
1701261144405,0.110167828698953,0.4359049201011657,0,1701261143751
1701261144456,0.0701067969202995,0.6016700565814972,0,1701261143751
1701261144508,0.1645854661862055,0.6971477270126343,0,1701261143751
1701261144560,0.1735267415642738,0.7297297120094299,0,1701261143751
1701261144617,0.171060914794604,0.7472364902496338,0,1701261143751
1701261144671,0.1177271169920762,0.7184131443500519,0,1701261143751
1701261144722,0.0853266219298044,0.6979677975177765,0,1701261143751
1701261144774,0.0816416417558988,0.6925905644893646,0,1701261143751
1701261144827,0.0776324371496836,0.6814444661140442,0,1701261143751
1701261144879,0.0384660692264636,0.6906038224697113,0,1701261143751
1701261144930,nan,nan,2,1701261143751
1701261144984,0.3601349890232086,0.8918271958827972,1,1701261143751
1701261145041,0.4638828039169311,0.97770513035357,1,1701261143751
1701261145097,nan,nan,2,1701261143751
1701261145150,nan,nan,2,1701261143751
1701261145208,0.4699987173080444,0.6845511496067047,1,1701261143751
1701261145263,nan,nan,2,1701261143751
1701261145315,0.4663119614124298,0.9117735847830772,1,1701261143751
1701261145371,0.4351149201393127,0.9245620146393776,1,1701261143751
1701261145427,nan,nan,2,1701261145427
1701261145484,nan,nan,2,1701261145427
1701261145538,0.4660649001598358,0.8407659232616425,1,1701261145427
1701261145593,nan,nan,2,1701261145427
1701261145648,nan,nan,2,1701261145427
1701261145703,0.4592565894126892,0.8594582527875901,1,1701261145427
1701261145754,nan,nan,2,1701261145427
1701261145812,nan,nan,2,1701261145427
1701261145870,0.4853065609931946,0.8208813965320588,1,1701261145427
1701261145927,0.431253045797348,0.6023803353309631,1,1701261145427
1701261145986,0.4878158867359161,0.9221481084823608,1,1701261145427
1701261146042,0.4696277379989624,0.9058002978563308,1,1701261145427
1701261146099,nan,nan,2,1701261145427
1701261146156,0.0592219525327285,0.4242173433303833,0,1701261145427
1701261146207,nan,nan,2,1701261145427
1701261146255,nan,nan,2,1701261145427
1701261146294,nan,nan,2,1701261145427
1701261146341,nan,nan,2,1701261145427
1701261146384,0.4862100432316462,0.0509119033813475,0,1701261145427
1701261146431,0.4834991618990898,0.113385796546936,0,1701261145427
1701261146482,0.5437054286400478,0.3200928568840027,0,1701261145427
1701261146539,0.5461861739555995,0.314700722694397,0,1701261145427
1701261146591,0.569825475414594,0.3190635442733764,0,1701261145427
1701261146646,0.5958182911078136,0.3368422389030456,0,1701261145427
1701261146702,0.5035798052946727,0.2546141743659973,0,1701261145427
1701261146751,0.5695486118396124,0.4232438206672668,0,1701261145427
1701261146804,0.5618324180444082,0.4067966938018799,0,1701261145427
1701261146857,0.5637445350488027,0.4030155539512634,0,1701261145427
1701261146910,0.5639989227056503,0.3982595801353454,0,1701261145427
1701261146970,0.5642972439527512,0.3913144469261169,0,1701261145427
1701261147021,nan,nan,2,1701261145427
1701261147071,0.5712256133556366,0.2438531517982483,0,1701261145427
1701261147122,0.5633788357178371,0.2079001069068908,0,1701261145427
1701261147172,0.5658071289459865,0.158328115940094,0,1701261145427
1701261147227,0.5616399943828583,0.1854376196861267,0,1701261145427
1701261147284,0.5616158296664556,0.1925400495529174,0,1701261145427
1701261147342,0.5604413201411566,0.1964480280876159,0,1701261145427
1701261147400,0.5565385570128759,0.20389986038208,0,1701261145427
1701261147455,0.554067795475324,0.2101405262947082,0,1701261145427
1701261147512,0.5552348295847576,0.2030062675476074,0,1701261145427
1701261147564,0.5325126945972443,0.2068498134613037,0,1701261145427
1701261147620,0.558857227365176,0.2042181491851806,0,1701261145427
1701261147678,0.5617285321156185,0.2120218873023986,0,1701261145427
1701261147736,0.5643546879291534,0.215779423713684,0,1701261145427
1701261147793,0.5669856121142706,0.2132888436317443,0,1701261145427
1701261147846,0.5681460648775101,0.2234071493148803,0,1701261145427
1701261147905,nan,nan,2,1701261145427
1701261147963,0.5696309159199398,0.2530572414398193,0,1701261145427
1701261148023,0.569098174571991,0.4085068702697754,0,1701261145427
1701261148075,0.5635901838541031,0.4830306768417358,0,1701261145427
1701261148132,0.5591148187716802,0.4865097403526306,0,1701261145427
1701261148181,0.5640168537696203,0.4844257831573486,0,1701261145427
1701261148236,0.5647552311420441,0.488474428653717,0,1701261145427
1701261148288,0.5676026691993078,0.4973517060279846,0,1701261145427
1701261148343,0.5666494419177374,0.4971513748168945,0,1701261145427
1701261148400,0.5670605897903442,0.4856414198875427,0,1701261145427
1701261148456,0.5547717263301214,0.4330411553382873,0,1701261145427
1701261148510,nan,nan,2,1701261145427
1701261148565,0.5859295576810837,0.2358262538909912,0,1701261148565
1701261148620,0.5781779736280441,0.2368417978286743,0,1701261148565
1701261148674,0.570709710319837,0.2187474370002746,0,1701261148565
1701261148730,0.5683329999446869,0.2137295603752136,0,1701261148565
1701261148782,nan,nan,2,1701261148565
1701261148834,0.5895704329013824,0.1664755344390869,0,1701261148565
1701261148890,0.5891849398612976,0.1765880584716797,0,1701261148565
1701261148951,0.5961665312449138,0.1890596747398376,0,1701261148565
1701261149007,0.6412080228328705,0.2225509881973266,0,1701261148565
1701261149061,0.6512976239124935,0.2196918129920959,0,1701261148565
1701261149117,0.6489535470803579,0.2261149883270263,0,1701261148565
1701261149175,0.6519342263539633,0.2276962995529174,0,1701261148565
1701261149229,0.6406842718521755,0.2226608991622924,0,1701261148565
1701261149282,0.6010696341594061,0.2067304253578186,0,1701261148565
1701261149335,0.5618137170871099,0.1292731761932373,0,1701261148565
1701261149383,nan,nan,2,1701261148565
1701261149426,nan,nan,2,1701261148565
1701261149468,nan,nan,2,1701261148565
1701261149507,nan,nan,2,1701261148565
1701261149551,nan,nan,2,1701261148565
1701261149594,nan,nan,2,1701261148565
1701261149642,nan,nan,2,1701261148565
1701261149696,0.5724262595176697,0.7951763719320298,1,1701261148565
1701261149756,0.5527805685997009,0.8440762013196946,1,1701261148565
1701261149812,0.5743091702461243,0.9706691335886716,1,1701261148565
1701261149869,0.5985872149467468,0.917804814875126,1,1701261148565
1701261149930,0.4951889812946319,0.3682668805122375,1,1701261148565
1701261149994,nan,nan,2,1701261148565
1701261150051,0.5037724375724792,0.8337496519088745,1,1701261150051
